Subject,Grade,QuestionText,Description,questionType,leftItems,rightItems,correctPairs,difficultyLevel,dokLevel,standard,contentFocus,Competencies
Science,Grade 1,Match each to living or nonliving.,Match living and nonliving.,Matching,"plant,rock,dog,water","nonliving,living,nonliving,living","0-1,1-0,2-3,3-2",155,1,1-LS1-1,living things,"NGSS.SEP.1, NGSS.DCI.LS1, NGSS.CCC.4"
Science,Grade 1,Match each plant part to its job.,Match plant parts to function.,Matching,"root,leaf,stem,flower","makes food,absorbs water,supports,sometimes makes seeds","0-1,1-0,2-2,3-3",162,1,1-LS1-1,plant parts,"NGSS.SEP.2, NGSS.DCI.LS1, NGSS.CCC.6"
Science,Grade 1,Match each sense to what we use it for.,Match senses to use.,Matching,"eyes,ears,nose,skin","hear,see,smell,touch","0-1,1-0,2-2,3-3",158,1,K-PS2-1,senses,"NGSS.SEP.4, NGSS.DCI.PS4, NGSS.CCC.2"
Science,Grade 1,Match each weather type to what you see.,Match weather to description.,Matching,"sunny,rainy,cloudy,snowy","wet from sky,white flakes,gray sky,bright and warm","0-3,1-0,2-2,3-1",165,1,K-ESS2-1,weather,"NGSS.SEP.4, NGSS.DCI.ESS2, NGSS.CCC.1"
Science,Grade 1,Match each to day or night. {sci_match_g1_daynight.png},Match the four pictures to day or night in the image.,Matching,"picture A,picture B,picture C,picture D","night,day,night,day","0-1,1-0,2-3,3-2",168,1,1-ESS1-1,day and night,"NGSS.SEP.4, NGSS.DCI.ESS1, NGSS.CCC.1"
Science,Grade 1,Match each force to push or pull.,Match forces.,Matching,"push,pull,magnet attract,gravity","pull,push,pull,pull","0-1,1-0,2-2,3-3",170,1,K-PS2-1,forces,"NGSS.SEP.2, NGSS.DCI.PS2, NGSS.CCC.2"
Science,Grade 1,Match each to what makes sound.,Match sound sources.,Matching,"bell,drum,feather,stone","no sound,no sound,sound,sound","0-2,1-3,2-0,3-1",172,1,1-PS4-1,sound,"NGSS.SEP.1, NGSS.DCI.PS4, NGSS.CCC.5"
Science,Grade 1,Match each material to warm or cold.,Match heating and cooling.,Matching,"coat,ice,blanket,sun","cold,warm,cold,warm","0-2,1-0,2-3,3-1",175,1,K-PS3-1,heating,"NGSS.SEP.6, NGSS.DCI.PS3, NGSS.CCC.5"
Science,Grade 1,Match each animal to what it needs.,Match animal needs.,Matching,"fish,bird,dog,plant","air water food,air food water,food water shelter,light water","0-1,1-0,2-3,3-2",178,1,1-LS1-1,animal needs,"NGSS.SEP.1, NGSS.DCI.LS1, NGSS.CCC.4"
Science,Grade 1,Match each to a season.,Match seasons.,Matching,"hot,cold,leaves fall,flowers bloom","winter,summer,spring,fall","0-1,1-0,2-3,3-2",160,1,K-ESS2-1,seasons,"NGSS.SEP.4, NGSS.DCI.ESS2, NGSS.CCC.7"
Science,Grade 2,Match each to a source of light.,Match light sources.,Matching,"sun,lamp,candle,moon","reflects light,produces light,produces light,produces light","0-1,1-0,2-2,3-3",182,2,1-PS4-2,light,"NGSS.SEP.4, NGSS.DCI.PS4, NGSS.CCC.5"
Science,Grade 2,Match each to solid liquid or gas.,Match states of matter.,Matching,"ice,water,steam,rock","gas,liquid,solid,liquid","0-2,1-0,2-3,3-1",185,1,2-PS1-1,matter,"NGSS.SEP.2, NGSS.DCI.PS1, NGSS.CCC.4"
Science,Grade 2,Match each animal to its habitat. {sci_match_g2_habitat.png},Match the four animals to the four habitats in the image.,Matching,"fish,bear,bird,cactus","habitat B,habitat D,habitat A,habitat C","0-2,1-0,2-3,3-1",188,1,2-LS4-1,habitats,"NGSS.SEP.4, NGSS.DCI.LS2, NGSS.CCC.4"
Science,Grade 2,Match each stage to the life cycle.,Match life cycle stages.,Matching,"egg,larva,pupa,adult","butterfly,caterpillar,egg,chrysalis","0-2,1-0,2-3,3-1",190,2,2-LS2-1,life cycles,"NGSS.SEP.7, NGSS.DCI.LS1, NGSS.CCC.7"
Science,Grade 2,Match each material to absorb or not.,Match absorbent materials.,Matching,"paper,towel,plastic,wax","absorb,absorb,no,no","0-1,1-0,2-3,3-2",192,1,2-PS1-1,materials,"NGSS.SEP.3, NGSS.DCI.PS1, NGSS.CCC.2"
Science,Grade 2,Match each to how seeds travel.,Match seed dispersal.,Matching,"wind,animals,water,explosion","carry,blow,float,burst","0-1,1-0,2-2,3-3",195,1,2-LS2-2,seed dispersal,"NGSS.SEP.6, NGSS.DCI.LS2, NGSS.CCC.2"
Science,Grade 2,Match each to reduce reuse or recycle.,Match reduce reuse recycle.,Matching,"use less,use again,make new product,throw away","recycle,reduce,reuse,waste","0-1,1-2,2-0,3-3",198,1,K-ESS3-3,conservation,"NGSS.SEP.8, NGSS.DCI.ESS3, NGSS.CCC.4"
Science,Grade 2,Match each to what causes erosion.,Match erosion.,Matching,"water,wind,ice,plant roots","yes,yes,no,no","0-1,1-0,2-3,3-2",200,1,2-ESS2-1,erosion,"NGSS.SEP.6, NGSS.DCI.ESS2, NGSS.CCC.7"
Science,Grade 2,Match each magnet to what it attracts.,Match magnetic materials.,Matching,"iron,steel,plastic,wood","attract,attract,no,no","0-1,1-0,2-3,3-2",178,1,K-PS2-2,magnets,"NGSS.SEP.3, NGSS.DCI.PS2, NGSS.CCC.2"
Science,Grade 3,Match each trait to inherited or learned.,Match inherited vs learned.,Matching,"eye color,language,leaf shape,riding a bike","learned,inherited,inherited,learned","0-1,1-0,2-2,3-3",205,2,3-LS3-1,inheritance,"NGSS.SEP.7, NGSS.DCI.LS3, NGSS.CCC.6"
Science,Grade 3,Match each form to type of energy.,Match energy types.,Matching,"light,heat,motion,electricity","kinetic,radiant,thermal,electrical","0-1,1-2,2-0,3-3",208,1,3-PS2-2,energy,"NGSS.SEP.4, NGSS.DCI.PS3, NGSS.CCC.5"
Science,Grade 3,Match each to producer or consumer.,Match food chain roles.,Matching,"grass,rabbit,wolf,sun","consumer,producer,consumer,not organism","0-1,1-0,2-3,3-2",212,2,3-LS2-1,food chains,"NGSS.SEP.4, NGSS.DCI.LS2, NGSS.CCC.4"
Science,Grade 3,Match each to the fossil type. {sci_match_g3_fossil.png},Match the four items to the four fossil types in the image.,Matching,"dinosaur bone,leaf imprint,footprint,amber","type B,type D,type A,type C","0-2,1-0,2-3,3-1",215,1,3-LS4-1,fossils,"NGSS.SEP.4, NGSS.DCI.LS4, NGSS.CCC.7"
Science,Grade 3,Match each to renewable or nonrenewable.,Match resources.,Matching,"solar,wind,coal,oil","nonrenewable,renewable,renewable,nonrenewable","0-1,1-0,2-3,3-2",218,2,3-ESS3-1,resources,"NGSS.SEP.6, NGSS.DCI.ESS3, NGSS.CCC.7"
Science,Grade 3,Match each adaptation to its purpose.,Match adaptations.,Matching,"cactus spines,penguin blubber,long neck,camouflage","stay warm,reach leaves,protect,hide","0-2,1-0,2-1,3-3",220,2,3-LS4-2,adaptations,"NGSS.SEP.6, NGSS.DCI.LS4, NGSS.CCC.6"
Science,Grade 3,Match each simple machine to its type.,Match simple machines.,Matching,"lever,inclined plane,wheel,ramp","inclined plane,lever,axle,lever","0-1,1-0,2-2,3-3",222,1,3-PS2-1,simple machines,"NGSS.SEP.2, NGSS.DCI.PS2, NGSS.CCC.6"
Science,Grade 3,Match each to the water cycle step.,Match water cycle.,Matching,"evaporation,condensation,precipitation,collection","rain snow,clouds form,water vapor,runoff","0-2,1-0,2-1,3-3",225,2,2-ESS2-3,water cycle,"NGSS.SEP.2, NGSS.DCI.ESS2, NGSS.CCC.4"
Science,Grade 3,Match each climate factor to its effect.,Match climate.,Matching,"latitude,distance from sea,elevation,ocean current","cooler higher,cooler inland,warmer near equator,affects coast","0-2,1-0,2-3,3-1",228,2,3-ESS2-1,climate,"NGSS.SEP.4, NGSS.DCI.ESS2, NGSS.CCC.4"
Science,Grade 4,Match each organ to the body system.,Match body systems.,Matching,"heart,lungs,brain,stomach","digestive,nervous,circulatory,respiratory","0-2,1-3,2-0,3-1",232,2,4-LS1-1,body systems,"NGSS.SEP.2, NGSS.DCI.LS1, NGSS.CCC.6"
Science,Grade 4,Match each layer to Earth structure.,Match Earth layers.,Matching,"crust,mantle,core,outer core","solid iron,liquid iron,rock layer,hot rock","0-2,1-3,2-0,3-1",235,2,4-ESS2-2,Earth structure,"NGSS.SEP.4, NGSS.DCI.ESS2, NGSS.CCC.4"
Science,Grade 4,Match each to heat transfer method.,Match heat transfer.,Matching,"conduction,convection,radiation,vacuum","no medium,through fluid,direct contact,electromagnetic","0-2,1-0,2-3,3-1",238,2,4-PS3-2,heat transfer,"NGSS.SEP.5, NGSS.DCI.PS3, NGSS.CCC.5"
Science,Grade 4,Match each rock type to how it forms.,Match rock types.,Matching,"igneous,sedimentary,metamorphic,melting","heat pressure,cooled magma,compacted,volcanic","0-2,1-0,2-1,3-3",242,2,4-ESS1-1,rock cycle,"NGSS.SEP.4, NGSS.DCI.ESS2, NGSS.CCC.7"
Science,Grade 4,From the diagram match each Earth layer. {sci_match_g4_layers.png},Match the four labels to the four layers in the diagram.,Matching,"crust,mantle,outer core,inner core","layer C,layer A,layer D,layer B","0-2,1-0,2-3,3-1",245,2,4-ESS2-2,Earth layers,"NGSS.SEP.4, NGSS.DCI.ESS2, NGSS.CCC.4"
Science,Grade 4,Match each to conductor or insulator.,Match conductors.,Matching,"copper,rubber,iron,plastic","insulator,conductor,conductor,insulator","0-1,1-0,2-2,3-3",248,2,4-PS3-2,electricity,"NGSS.SEP.3, NGSS.DCI.PS3, NGSS.CCC.5"
Science,Grade 4,Match each consumer to type.,Match consumer types.,Matching,"herbivore,carnivore,omnivore,decomposer","eats plants and animals,eats plants,eats dead matter,eats meat","0-1,1-0,2-3,3-2",250,1,4-LS1-1,food chains,"NGSS.SEP.2, NGSS.DCI.LS2, NGSS.CCC.4"
Science,Grade 4,Match each to reflection or refraction.,Match light behavior.,Matching,"mirror,prism,lens,still water","refract,reflect,reflect,reflect","0-1,1-0,2-3,3-2",252,1,4-PS4-2,light,"NGSS.SEP.3, NGSS.DCI.PS4, NGSS.CCC.1"
Science,Grade 4,Match each ecosystem to its description.,Match ecosystems.,Matching,"forest,ocean,wetland,desert","salt water,dry few plants,trees diverse,waterlogged","0-2,1-0,2-3,3-1",255,2,4-LS2-1,ecosystems,"NGSS.SEP.6, NGSS.DCI.LS2, NGSS.CCC.4"
Science,Grade 5,Match each to chemical or physical change.,Match types of change.,Matching,"burning,cutting,rusting,baking","physical,chemical,physical,chemical","0-1,1-0,2-3,3-2",262,2,5-PS1-4,chemical change,"NGSS.SEP.3, NGSS.DCI.PS1, NGSS.CCC.2"
Science,Grade 5,Match each gas to greenhouse or not.,Match greenhouse gases.,Matching,"CO2,methane,oxygen,nitrogen","not greenhouse,greenhouse,greenhouse,not greenhouse","0-1,1-0,2-3,3-2",265,2,5-ESS3-1,climate,"NGSS.SEP.6, NGSS.DCI.ESS3, NGSS.CCC.5"
Science,Grade 5,Match each moon phase to its name.,Match moon phases.,Matching,"new moon,full moon,crescent,gibbous","half lit,half lit,fully lit,dark","0-3,1-0,2-1,3-2",268,2,5-ESS1-2,moon phases,"NGSS.SEP.4, NGSS.DCI.ESS1, NGSS.CCC.1"
Science,Grade 5,Match each to conservation of matter.,Match conservation.,Matching,"closed system,balanced equation,matter created,reactants","yes,yes,no,no","0-1,1-0,2-3,3-2",270,2,5-PS1-2,conservation,"NGSS.SEP.5, NGSS.DCI.PS1, NGSS.CCC.5"
Science,Grade 5,Match each diagram to the cycle. {sci_match_g5_cycle.png},Match the four diagrams to the four cycle stages in the image.,Matching,"evaporation,condensation,precipitation,runoff","diagram B,diagram D,diagram A,diagram C","0-2,1-0,2-3,3-1",272,2,5-ESS2-1,water cycle,"NGSS.SEP.2, NGSS.DCI.ESS2, NGSS.CCC.4"
Science,Grade 5,Match each decomposer to what it does.,Match decomposers.,Matching,"fungi,bacteria,earthworm,mushroom","break down,recycle nutrients,decompose,decompose","0-2,1-0,2-3,3-1",275,2,5-LS2-1,decomposers,"NGSS.SEP.2, NGSS.DCI.LS2, NGSS.CCC.4"
Science,Grade 5,Match each to gravity effect.,Match gravity.,Matching,"mass,distance,weight,orbit","force on mass,affects pull,more pull closer,path around","0-2,1-0,2-3,3-1",278,2,5-PS2-1,gravity,"NGSS.SEP.2, NGSS.DCI.PS2, NGSS.CCC.2"
Science,Grade 5,Match each mixture to its type.,Match mixtures.,Matching,"salt water,salad,air,alloy","heterogeneous,homogeneous,homogeneous,heterogeneous","0-1,1-0,2-2,3-3",280,1,5-PS1-3,mixtures,"NGSS.SEP.3, NGSS.DCI.PS1, NGSS.CCC.4"
Science,Grade 5,Match each to sustainable practice.,Match sustainability.,Matching,"recycle,reduce,reuse,pollute","use less,use again,waste,make new product","0-3,1-0,2-1,3-2",282,2,5-ESS3-1,sustainability,"NGSS.SEP.8, NGSS.DCI.ESS3, NGSS.CCC.4"
Science,Grade 6,Match each to solar system object.,Match solar system.,Matching,"planet,asteroid,comet,moon","icy tail,orbits planet,rocky belt,orbits star","0-3,1-0,2-1,3-2",288,2,MS-ESS1-2,solar system,"NGSS.SEP.4, NGSS.DCI.ESS1, NGSS.CCC.4"
Science,Grade 6,Match each to plate boundary type.,Match plate tectonics.,Matching,"convergent,divergent,transform,subduction","slide past,divide,collide,one under","0-2,1-0,2-1,3-3",290,2,MS-ESS2-2,plate tectonics,"NGSS.SEP.6, NGSS.DCI.ESS2, NGSS.CCC.7"
Science,Grade 6,Match each organelle to its function.,Match cell organelles.,Matching,"nucleus,mitochondria,chloroplast,vacuole","energy,control center,storage,photosynthesis","0-1,1-0,2-3,3-2",292,2,MS-LS1-2,cell structure,"NGSS.SEP.2, NGSS.DCI.LS1, NGSS.CCC.6"
Science,Grade 6,Match each to type of energy.,Match energy.,Matching,"kinetic,potential,chemical,thermal","stored,motion,bonds,temperature","0-1,1-0,2-2,3-3",295,1,MS-PS3-1,energy,"NGSS.SEP.2, NGSS.DCI.PS3, NGSS.CCC.5"
Science,Grade 6,Match each graph to the data. {sci_match_g6_graph.png},Match the four graphs to the four data sets in the image.,Matching,"data A,data B,data C,data D","graph 2,graph 4,graph 1,graph 3","0-2,1-0,2-3,3-1",298,2,MS-LS2-1,data analysis,"NGSS.SEP.4, NGSS.DCI.LS2, NGSS.CCC.2"
Science,Grade 6,Match each to photosynthesis step.,Match photosynthesis.,Matching,"light reaction,Calvin cycle,chlorophyll,glucose","pigment,output,sunlight capture,carbon fix","0-2,1-0,2-1,3-3",300,2,MS-LS1-6,photosynthesis,"NGSS.SEP.6, NGSS.DCI.LS1, NGSS.CCC.5"
Science,Grade 6,Match each wave property to its meaning.,Match wave properties.,Matching,"wavelength,frequency,amplitude,speed","height,length,cycles per second,distance per time","0-1,1-0,2-2,3-3",302,1,MS-PS4-1,waves,"NGSS.SEP.2, NGSS.DCI.PS4, NGSS.CCC.1"
Science,Grade 6,Match each to evidence for evolution.,Match evolution evidence.,Matching,"fossils,anatomy,DNA,biogeography","similar genes,location,old remains,body structure","0-2,1-0,2-1,3-3",305,2,MS-LS4-1,evolution,"NGSS.SEP.7, NGSS.DCI.LS4, NGSS.CCC.7"
Science,Grade 6,Match each to chemical reaction sign.,Match chemical reactions.,Matching,"color change,bubbles,temperature,precipitate","gas formed,solid formed,heat change,new color","0-3,1-0,2-1,3-2",308,2,MS-PS1-2,chemical reactions,"NGSS.SEP.3, NGSS.DCI.PS1, NGSS.CCC.2"
Science,Grade 7,Match each to renewable energy source.,Match renewable energy.,Matching,"solar,wind,hydroelectric,coal","water,sun,renewable,nonrenewable","0-1,1-0,2-3,3-2",312,1,MS-ESS3-1,energy resources,"NGSS.SEP.6, NGSS.DCI.ESS3, NGSS.CCC.7"
Science,Grade 7,Match each to natural selection concept.,Match natural selection.,Matching,"variation,selection,adaptation,inheritance","trait passed,difference,advantage,environment chooses","0-2,1-0,2-1,3-3",315,2,MS-LS4-4,natural selection,"NGSS.SEP.7, NGSS.DCI.LS4, NGSS.CCC.2"
Science,Grade 7,Match each force to its description.,Match forces.,Matching,"gravity,friction,magnetic,electric","charge,mass,contact,poles","0-1,1-0,2-3,3-2",318,1,MS-PS2-1,forces,"NGSS.SEP.2, NGSS.DCI.PS2, NGSS.CCC.2"
Science,Grade 7,Match each to energy transformation.,Match energy transfer.,Matching,"chemical to kinetic,solar to chemical,battery,engine","stored to motion,light to glucose,electrical,chemical burn","0-2,1-0,2-3,3-1",320,2,MS-PS3-2,energy transfer,"NGSS.SEP.5, NGSS.DCI.PS3, NGSS.CCC.5"
Science,Grade 7,Match each diagram to energy flow. {sci_match_g7_energy.png},Match the four diagrams to the four energy paths in the image.,Matching,"path A,path B,path C,path D","diagram 2,diagram 4,diagram 1,diagram 3","0-2,1-0,2-3,3-1",322,2,MS-PS3-2,energy flow,"NGSS.SEP.4, NGSS.DCI.PS3, NGSS.CCC.5"
Science,Grade 7,Match each to reaction rate factor.,Match reaction rate.,Matching,"temperature,concentration,catalyst,surface area","speeds up,more particles,higher faster,more contact","0-2,1-0,2-3,3-1",325,2,MS-PS1-4,reaction rate,"NGSS.SEP.3, NGSS.DCI.PS1, NGSS.CCC.2"
Science,Grade 7,Match each to atmosphere layer.,Match atmosphere.,Matching,"troposphere,stratosphere,mesosphere,thermosphere","ozone,weather,meteors burn,outer","0-1,1-0,2-2,3-3",328,2,MS-ESS2-4,atmosphere,"NGSS.SEP.4, NGSS.DCI.ESS2, NGSS.CCC.4"
Science,Grade 7,Match each to genetic variation source.,Match genetic variation.,Matching,"mutation,sexual reproduction,meiosis,crossing over","new alleles,recombination,split,combine parents","0-2,1-0,2-1,3-3",330,2,MS-LS3-2,genetics,"NGSS.SEP.6, NGSS.DCI.LS3, NGSS.CCC.6"
Science,Grade 7,Match each rock process to the cycle.,Match rock cycle.,Matching,"melting,cooling,weathering,cementation","sedimentary,igneous,erosion,compaction","0-2,1-0,2-1,3-3",332,2,MS-ESS2-1,rock cycle,"NGSS.SEP.6, NGSS.DCI.ESS2, NGSS.CCC.7"
Science,Grade 8,Match each to state of matter.,Match states of matter.,Matching,"solid,liquid,gas,plasma","fixed volume variable shape,ionized,no fixed shape,variable shape volume","0-2,1-0,2-3,3-1",338,1,MS-PS1-1,matter,"NGSS.SEP.2, NGSS.DCI.PS1, NGSS.CCC.4"
Science,Grade 8,Match each to Newton law.,Match Newton laws.,Matching,"first law,second law,third law,inertia","F=ma,action reaction,resists change,constant motion","0-2,1-0,2-1,3-3",340,2,MS-PS2-1,Newton laws,"NGSS.SEP.6, NGSS.DCI.PS2, NGSS.CCC.2"
Science,Grade 8,Match each to human impact type.,Match human impacts.,Matching,"deforestation,pollution,climate change,conservation","positive,negative,negative,negative","0-1,1-0,2-3,3-2",342,2,MS-ESS3-3,human impact,"NGSS.SEP.7, NGSS.DCI.ESS3, NGSS.CCC.4"
Science,Grade 8,Match each to DNA base pair.,Match DNA.,Matching,"adenine,guanine,cytosine,thymine","C,G,A,T","0-2,1-0,2-3,3-1",345,2,MS-LS3-1,DNA,"NGSS.SEP.2, NGSS.DCI.LS3, NGSS.CCC.6"
Science,Grade 8,Match each diagram to the carbon cycle. {sci_match_g8_carbon.png},Match the four processes to the four parts of the diagram.,Matching,"photosynthesis,respiration,combustion,decomposition","part B,part D,part A,part C","0-2,1-0,2-3,3-1",348,2,MS-LS2-3,carbon cycle,"NGSS.SEP.4, NGSS.DCI.LS2, NGSS.CCC.5"
Science,Grade 8,Match each to biodiversity threat.,Match biodiversity.,Matching,"habitat loss,invasive species,pollution,conservation","helps,threat,threat,threat","0-2,1-0,2-3,3-1",350,2,MS-LS2-4,biodiversity,"NGSS.SEP.6, NGSS.DCI.LS2, NGSS.CCC.4"
Science,Grade 8,Match each to energy transformation.,Match energy transformation.,Matching,"chemical to kinetic,solar to chemical,potential to kinetic,battery","stored to motion,light to glucose,electrical,stored chemical","0-2,1-0,2-1,3-3",335,2,MS-PS3-5,energy,"NGSS.SEP.5, NGSS.DCI.PS3, NGSS.CCC.5"
Science,Grade 8,Match each wave to EM or mechanical.,Match wave types.,Matching,"sound,light,earthquake,radio","mechanical,EM,mechanical,EM","0-1,1-0,2-2,3-3",332,1,MS-PS4-1,waves,"NGSS.SEP.2, NGSS.DCI.PS4, NGSS.CCC.1"
Science,Grade 8,Match each to cause of seasons.,Match seasons.,Matching,"tilt,orbit,rotation,revolution","day night,year,seasons,ellipse","0-2,1-0,2-1,3-3",328,2,MS-ESS1-1,seasons,"NGSS.SEP.4, NGSS.DCI.ESS1, NGSS.CCC.2"
Science,Grade 8,Match each to engineering design step.,Match engineering design.,Matching,"define problem,brainstorm,test,improve","build try,identify need,iterate,generate ideas","0-1,1-0,2-3,3-2",330,2,MS-ETS1-1,engineering,"NGSS.SEP.1, NGSS.DCI.ETS1, NGSS.CCC.4"
Science,Grade 9,Match each element to its group.,Match periodic table.,Matching,"alkali metal,halogen,noble gas,transition","inert,reactive,salt former,reactive metal","0-2,1-0,2-1,3-3",338,2,HS-PS1-1,periodic table,"NGSS.SEP.2, NGSS.DCI.PS1, NGSS.CCC.4"
Science,Grade 9,Match each bond type to description.,Match chemical bonds.,Matching,"ionic,covalent,metallic,polar","share unequal,transfer,sea electrons,share equal","0-1,1-0,2-2,3-3",340,2,HS-PS1-2,chemical bonding,"NGSS.SEP.2, NGSS.DCI.PS1, NGSS.CCC.6"
Science,Grade 9,Match each to tectonic boundary. {sci_match_g9_tectonic.png},Match the four boundaries to the four diagrams in the image.,Matching,"convergent,divergent,transform,subduction","diagram C,diagram A,diagram D,diagram B","0-2,1-0,2-3,3-1",342,2,HS-ESS2-1,plate tectonics,"NGSS.SEP.4, NGSS.DCI.ESS2, NGSS.CCC.7"
Science,Grade 9,Match each to ecosystem concept.,Match ecosystems.,Matching,"producer,consumer,decomposer,abiotic","nonliving,breaks down,eats,eats sunlight","0-3,1-0,2-1,3-2",345,2,HS-LS2-1,ecosystems,"NGSS.SEP.6, NGSS.DCI.LS2, NGSS.CCC.4"
Science,Grade 9,Match each to climate change cause.,Match climate change.,Matching,"greenhouse increase,deforestation,ocean acidification,fossil fuels","CO2 up,burn trees,carbon sink,pH drop","0-2,1-0,2-3,3-1",348,2,HS-ESS3-5,climate change,"NGSS.SEP.7, NGSS.DCI.ESS3, NGSS.CCC.7"
Science,Grade 9,Match each to cell division type.,Match cell division.,Matching,"mitosis,meiosis,binary fission,budding","gametes,body cells,bacteria,yeast","0-1,1-0,2-2,3-3",350,2,HS-LS1-4,cell division,"NGSS.SEP.6, NGSS.DCI.LS1, NGSS.CCC.4"
Science,Grade 9,Match each to conservation law.,Match conservation laws.,Matching,"mass,energy,momentum,charge","conserved,conserved,conserved,not always","0-1,1-0,2-2,3-3",335,2,HS-PS1-7,conservation,"NGSS.SEP.5, NGSS.DCI.PS1, NGSS.CCC.5"
Science,Grade 9,Match each to Big Bang evidence.,Match Big Bang.,Matching,"CMB,redshift,light elements,expansion","universe cools,receding,abundance,cosmic background","0-3,1-0,2-1,3-2",332,2,HS-ESS1-2,cosmology,"NGSS.SEP.4, NGSS.DCI.ESS1, NGSS.CCC.7"
Science,Grade 9,Match each to acid or base property.,Match acids and bases.,Matching,"pH<7,pH>7,neutralization,salt","base,acid,water salt,product","0-1,1-0,2-3,3-2",330,1,HS-PS1-2,acids bases,"NGSS.SEP.2, NGSS.DCI.PS1, NGSS.CCC.2"
Science,Grade 10,Match each to cell cycle phase.,Match cell cycle.,Matching,"interphase,mitosis,cytokinesis,G1","divide cytoplasm,grow,prepare,divide nucleus","0-2,1-0,2-1,3-3",342,2,HS-LS1-4,cell cycle,"NGSS.SEP.2, NGSS.DCI.LS1, NGSS.CCC.4"
Science,Grade 10,Match each to thermodynamics law.,Match thermodynamics.,Matching,"first law,second law,entropy,heat","disorder,energy conserved,spontaneous increase,Q","0-2,1-0,2-1,3-3",340,2,HS-PS3-1,thermodynamics,"NGSS.SEP.6, NGSS.DCI.PS3, NGSS.CCC.5"
Science,Grade 10,Match each to ecological relationship.,Match ecological relationships.,Matching,"predation,symbiosis,competition,parasitism","one benefits host,hunt prey,same resource,both benefit","0-1,1-0,2-2,3-3",345,2,HS-LS2-6,ecology,"NGSS.SEP.4, NGSS.DCI.LS2, NGSS.CCC.4"
Science,Grade 10,Match each to radiation type.,Match radiation.,Matching,"alpha,beta,gamma,neutron","electron,helium nucleus,photon,neutron","0-1,1-0,2-2,3-3",348,2,HS-PS1-8,nuclear,"NGSS.SEP.2, NGSS.DCI.PS1, NGSS.CCC.5"
Science,Grade 10,Match each diagram to essay part. {sci_match_g10_diag.png},Match the four labels to the four sections in the diagram.,Matching,"intro,body,conclusion,counterclaim","section B,section D,section A,section C","0-2,1-0,2-3,3-1",350,2,HS-LS2-3,diagram,"NGSS.SEP.4, NGSS.DCI.LS2, NGSS.CCC.4"
Science,Grade 10,Match each to evolution evidence.,Match evolution.,Matching,"fossil record,molecular,biogeography,anatomy","location,DNA similarity,old remains,structure","0-2,1-0,2-1,3-3",335,2,HS-LS4-1,evolution,"NGSS.SEP.7, NGSS.DCI.LS4, NGSS.CCC.7"
Science,Grade 10,Match each to enzyme factor.,Match enzymes.,Matching,"temperature,pH,substrate,inhibitor","slows,specific range,optimal,denature","0-3,1-0,2-1,3-2",332,2,HS-LS1-6,enzymes,"NGSS.SEP.3, NGSS.DCI.LS1, NGSS.CCC.2"
Science,Grade 10,Match each to Earth system.,Match Earth systems.,Matching,"geosphere,hydrosphere,biosphere,atmosphere","air,water,life,rock","0-3,1-0,2-1,3-2",328,1,HS-ESS2-4,Earth systems,"NGSS.SEP.2, NGSS.DCI.ESS2, NGSS.CCC.4"
Science,Grade 10,Match each to circuit quantity.,Match electric circuits.,Matching,"voltage,current,resistance,power","ohms,watts,amps,volts","0-3,1-0,2-1,3-2",330,2,HS-PS2-5,circuits,"NGSS.SEP.5, NGSS.DCI.PS3, NGSS.CCC.5"
Science,Grade 11,Match each to quantum concept.,Match quantum.,Matching,"wave-particle duality,uncertainty,superposition,entanglement","position momentum,electron,multiple states,linked","0-1,1-0,2-2,3-3",348,2,HS-PS4-1,quantum,"NGSS.SEP.6, NGSS.DCI.PS4, NGSS.CCC.1"
Science,Grade 11,Match each to cellular respiration step.,Match cellular respiration.,Matching,"glycolysis,Krebs cycle,ETC,fermentation","mitochondria,cytoplasm,no O2,inner membrane","0-1,1-0,2-3,3-2",350,2,HS-LS1-7,cellular respiration,"NGSS.SEP.2, NGSS.DCI.LS1, NGSS.CCC.5"
Science,Grade 11,Match each to protein structure level. {sci_match_g11_protein.png},Match the four levels to the four structures in the image.,Matching,"primary,secondary,tertiary,quaternary","structure C,structure A,structure D,structure B","0-2,1-0,2-3,3-1",345,2,HS-LS1-1,protein structure,"NGSS.SEP.4, NGSS.DCI.LS1, NGSS.CCC.6"
Science,Grade 11,Match each to nitrogen cycle process.,Match nitrogen cycle.,Matching,"nitrification,denitrification,fixation,ammonification","N2 to NH3,N2 to air,NH3 to NO3,organic to NH3","0-2,1-0,2-1,3-3",342,2,HS-LS2-3,nitrogen cycle,"NGSS.SEP.6, NGSS.DCI.LS2, NGSS.CCC.5"
Science,Grade 11,Match each to equilibrium factor.,Match equilibrium.,Matching,"temperature,pressure,concentration,catalyst","shift,shift,shift,no shift","0-2,1-0,2-1,3-3",338,2,HS-PS1-6,equilibrium,"NGSS.SEP.3, NGSS.DCI.PS1, NGSS.CCC.7"
Science,Grade 11,Match each to relativity effect.,Match relativity.,Matching,"time dilation,length contraction,mass increase,E=mc²","energy mass,clock slow,length short,mass energy","0-1,1-0,2-2,3-3",335,2,HS-PS2-4,relativity,"NGSS.SEP.7, NGSS.DCI.PS2, NGSS.CCC.1"
Science,Grade 11,Match each to genetic engineering tool.,Match genetic engineering.,Matching,"CRISPR,recombinant DNA,cloning,GMO","copy organism,edit gene,combine DNA,modified","0-2,1-0,2-1,3-3",332,2,HS-LS3-2,genetic engineering,"NGSS.SEP.1, NGSS.DCI.LS3, NGSS.CCC.6"
Science,Grade 11,Match each to climate model component.,Match climate models.,Matching,"input,feedback,prediction,validation","test,parameter,output,compare","0-2,1-0,2-1,3-3",328,2,HS-ESS3-5,climate models,"NGSS.SEP.5, NGSS.DCI.ESS3, NGSS.CCC.4"
Science,Grade 11,Match each to ocean system process.,Match ocean systems.,Matching,"thermohaline,upwelling,carbon sink,El Niño","CO2 uptake,cold deep,circulation,Pacific","0-2,1-0,2-1,3-3",330,2,HS-ESS2-6,ocean systems,"NGSS.SEP.4, NGSS.DCI.ESS2, NGSS.CCC.4"
Science,Grade 12,Match each to immune component.,Match immune system.,Matching,"T cell,B cell,antibody,macrophage","engulfs,receptor,kills infected,memory","0-2,1-0,2-3,3-1",338,2,HS-LS1-2,immune system,"NGSS.SEP.2, NGSS.DCI.LS1, NGSS.CCC.6"
Science,Grade 12,Match each to climate impact.,Match climate impacts.,Matching,"sea level rise,extreme weather,biodiversity loss,ocean acidification","storms,warming,pH drop,habitat","0-1,1-0,2-3,3-2",340,2,HS-ESS3-5,climate impacts,"NGSS.SEP.7, NGSS.DCI.ESS3, NGSS.CCC.7"
Science,Grade 12,Match each to nuclear reaction type.,Match nuclear reactions.,Matching,"fission,fusion,decay,chain reaction","split,combine,unstable,multiply","0-1,1-0,2-2,3-3",342,2,HS-PS1-8,nuclear physics,"NGSS.SEP.6, NGSS.DCI.PS1, NGSS.CCC.5"
Science,Grade 12,Match each diagram to carbon cycle. {sci_match_g12_carbon.png},Match the four processes to the four parts of the diagram.,Matching,"photosynthesis,respiration,decomposition,combustion","part B,part D,part A,part C","0-2,1-0,2-3,3-1",345,2,HS-LS2-5,carbon cycle,"NGSS.SEP.4, NGSS.DCI.LS2, NGSS.CCC.5"
Science,Grade 12,Match each to ecosystem service.,Match ecosystem services.,Matching,"pollination,water purification,soil formation,carbon storage","decomposers,bees,wetlands,forests","0-1,1-0,2-2,3-3",348,2,HS-LS2-7,biodiversity,"NGSS.SEP.8, NGSS.DCI.LS2, NGSS.CCC.4"
Science,Grade 12,Match each to sustainability strategy.,Match sustainability.,Matching,"renewable energy,conservation,restoration,overconsumption","reduce use,repair,wind solar,negative","0-2,1-0,2-1,3-3",350,2,HS-ESS3-4,sustainability,"NGSS.SEP.7, NGSS.DCI.ESS3, NGSS.CCC.4"
Science,Grade 12,Match each to biogeochemical cycle.,Match biogeochemical cycles.,Matching,"carbon,nitrogen,water,phosphorus","evaporation,N2 fix,photosynthesis,rocks","0-2,1-0,2-1,3-3",335,2,HS-LS2-3,biogeochemical,"NGSS.SEP.6, NGSS.DCI.LS2, NGSS.CCC.5"
Science,Grade 12,Match each to neuroscience concept.,Match neuroscience.,Matching,"neuron,synapse,neurotransmitter,action potential","junction,cell,signal,electrical impulse","0-1,1-0,2-2,3-3",332,2,HS-LS1-2,nervous system,"NGSS.SEP.2, NGSS.DCI.LS1, NGSS.CCC.6"
Science,Grade 12,Match each to scientific ethics principle.,Match science ethics.,Matching,"informed consent,replication,peer review,fabrication","unethical,validate,approve,participant agree","0-3,1-0,2-1,3-2",328,3,HS-ETS1-1,science ethics,"NGSS.SEP.8, NGSS.DCI.ETS1, NGSS.CCC.4"
Science,Grade 12,Match each to coherence device.,Match coherence.,Matching,"transition,repetition,pronoun,parallel structure","echo,link,refer back,balance","0-1,1-0,2-2,3-3",330,2,HS-LS2-3,coherence,"NGSS.SEP.6, NGSS.DCI.LS2, NGSS.CCC.4"
