Subject,Grade,QuestionText,Description,questionType,optionA,optionB,optionC,optionD,correctAnswers,difficultyLevel,dokLevel,standard,contentFocus,Competencies,,,
English,Grade 1,Which two words rhyme?,Select all words that rhyme,MultipleSelect,hat,cat,run,sun,"[A,B]",155,1,CCSS.ELA.RF.1.2,phonological awareness,"CCSS.ELA.CCR.R.4, CCSS.ELA.CCR.L.5",,,
English,Grade 1,Which are naming words (nouns)?,Select all nouns,MultipleSelect,quickly,run,dog,ball,"[C,D]",162,1,CCSS.ELA.L.1.1,parts of speech,"CCSS.ELA.CCR.L.1, CCSS.ELA.CCR.L.3",,,
English,Grade 1,Which words have the same beginning sound?,Select words with the same initial sound,MultipleSelect,sun,moon,mat,star,"[B,C]",158,1,CCSS.ELA.RF.1.2,phonemic awareness,"CCSS.ELA.CCR.R.4, CCSS.ELA.CCR.L.4",,,
English,Grade 1,Which two could be the main character in a story?,Select all that could be main characters,MultipleSelect,a rabbit,a girl,the wind,a rock,"[A,B]",172,2,CCSS.ELA.RL.1.3,characters and events,"CCSS.ELA.CCR.R.3, CCSS.ELA.CCR.R.10",,,
English,Grade 1,Which are action words (verbs)?,Select all verbs,MultipleSelect,red,blue,jump,skip,"[C,D]",165,1,CCSS.ELA.L.1.1,verbs,"CCSS.ELA.CCR.L.1, CCSS.ELA.CCR.L.3",,,
English,Grade 1,Which two belong in a sentence that tells what happened first?,Select words that show order,MultipleSelect,then,first,red,big,"[A,B]",170,2,CCSS.ELA.RL.1.2,sequence and retell,"CCSS.ELA.CCR.R.2, CCSS.ELA.CCR.R.5",,,
English,Grade 1,Which words describe how something looks?,Select all describing words,MultipleSelect,fast,round,soft,run,"[B,C]",160,1,CCSS.ELA.L.1.1,adjectives,"CCSS.ELA.CCR.L.4, CCSS.ELA.CCR.L.5",,,
English,Grade 1,Which two tell you about the setting of a story?,Select details that describe setting,MultipleSelect,he ran,at night,in the forest,she said,"[B,C]",175,2,CCSS.ELA.RL.1.1,key details and setting,"CCSS.ELA.CCR.R.1, CCSS.ELA.CCR.R.3",,,
English,Grade 1,Which are complete sentences?,Select all complete sentences,MultipleSelect,The dog runs.,I like to play.,Big red.,Runs fast.,"[A,B]",178,2,CCSS.ELA.L.1.1,complete sentences,"CCSS.ELA.CCR.L.1, CCSS.ELA.CCR.L.2",,,
English,Grade 2,Which two words are synonyms?,Select all word pairs that mean the same,MultipleSelect,fast and quick,up and down,hot and cold,big and large,"[A,D]",185,2,CCSS.ELA.L.2.5,word relationships,"CCSS.ELA.CCR.L.4, CCSS.ELA.CCR.L.5",,,
English,Grade 2,Which are compound words?,Select all compound words,MultipleSelect,doghouse,cat,run,sunflower,"[A,D]",182,1,CCSS.ELA.L.2.4,compound words,"CCSS.ELA.CCR.L.4, CCSS.ELA.CCR.L.6",,,
English,Grade 2,Which two show the moral or lesson of a fable?,Select possible lessons,MultipleSelect,Work together.,The sky is blue.,Be kind.,Two plus two is four.,"[A,C]",192,2,CCSS.ELA.RL.2.2,central message,"CCSS.ELA.CCR.R.2, CCSS.ELA.CCR.R.9",,,
English,Grade 2,Which words have a long vowel sound?,Select words with long vowel,MultipleSelect,hop,ride,cake,cat,"[B,C]",188,1,CCSS.ELA.RF.2.3,vowel patterns,"CCSS.ELA.CCR.R.4, CCSS.ELA.CCR.L.4",,,
English,Grade 2,Which are correct ways to show someone is speaking?,Select punctuation for dialogue,MultipleSelect,Hi she said,"She said, ""Hi.""",he said hello,"""Hello,"" he said.","[B,D]",190,2,CCSS.ELA.L.2.2,punctuation and dialogue,"CCSS.ELA.CCR.L.2, CCSS.ELA.CCR.W.4",,,
English,Grade 2,Which two are reasons an author might write a book?,Select author's purposes,MultipleSelect,to entertain,to erase,to inform,to forget,"[A,C]",195,2,CCSS.ELA.RI.2.6,author's purpose,"CCSS.ELA.CCR.R.6, CCSS.ELA.CCR.R.8",,,
English,Grade 2,Which words are plural?,Select all plural nouns,MultipleSelect,box,book,dogs,cats,"[C,D]",180,1,CCSS.ELA.L.2.1,plural nouns,"CCSS.ELA.CCR.L.1, CCSS.ELA.CCR.L.2",,,
English,Grade 2,Which two help you figure out an unknown word?,Select context clues strategies,MultipleSelect,skipping the word,pictures nearby,closing your eyes,other words in the sentence,"[B,D]",200,2,CCSS.ELA.L.2.4,context clues,"CCSS.ELA.CCR.L.4, CCSS.ELA.CCR.R.4",,,
English,Grade 2,Which are facts (not opinions)?,Select all factual statements,MultipleSelect,Dogs have four legs.,Water boils at 100°C.,Dogs are the best.,Summer is fun.,"[A,B]",197,2,CCSS.ELA.RI.2.8,fact vs opinion,"CCSS.ELA.CCR.R.8, CCSS.ELA.CCR.R.10",,,
English,Grade 3,Which two are main ideas of a paragraph?,Select possible main ideas,MultipleSelect,The sky is blue.,Many animals live in the ocean.,Recycling helps the planet.,Two plus two is four.,"[B,C]",208,2,CCSS.ELA.RI.3.2,main idea,"CCSS.ELA.CCR.R.2, CCSS.ELA.CCR.R.10",,,
English,Grade 3,Which words are adjectives?,Select all adjectives,MultipleSelect,quickly,enormous,run,beautiful,"[B,D]",205,1,CCSS.ELA.L.3.1,adjectives,"CCSS.ELA.CCR.L.1, CCSS.ELA.CCR.L.3",,,
English,Grade 3,Which two compare or contrast two characters?,Select comparison language,MultipleSelect,The end.,Both are brave.,Unlike her sister,A dog ran.,"[B,C]",212,2,CCSS.ELA.RL.3.3,compare characters,"CCSS.ELA.CCR.R.3, CCSS.ELA.CCR.R.9",,,
English,Grade 3,Which are prefixes?,Select all prefixes,MultipleSelect,un-,re-,#NAME?,cat,"[A,B]",202,1,CCSS.ELA.L.3.4,prefixes and suffixes,"CCSS.ELA.CCR.L.4, CCSS.ELA.CCR.L.6",,,
English,Grade 3,Which two show cause and effect?,Select cause-effect pairs,MultipleSelect,ice and melting,rain and wet ground,sun and moon,red and blue,"[A,B]",215,2,CCSS.ELA.RI.3.3,cause and effect,"CCSS.ELA.CCR.R.3, CCSS.ELA.CCR.R.8",,,
English,Grade 3,Which words are adverbs?,Select all adverbs,MultipleSelect,slowly,run,quick,very,"[A,D]",210,1,CCSS.ELA.L.3.1,adverbs,"CCSS.ELA.CCR.L.1, CCSS.ELA.CCR.L.3",,,
English,Grade 3,Which two are supporting details for a main idea?,Select supporting details,MultipleSelect,For example,The end.,First,I think so.,"[A,C]",220,2,CCSS.ELA.RI.3.2,supporting details,"CCSS.ELA.CCR.R.2, CCSS.ELA.CCR.R.8",,,
English,Grade 3,Which are simple sentences?,Select all simple sentences,MultipleSelect,She ran.,After school we play.,When I woke up I ate.,The dog barked.,"[A,D]",213,2,CCSS.ELA.L.3.1,sentence types,"CCSS.ELA.CCR.L.1, CCSS.ELA.CCR.L.3",,,
English,Grade 3,Which two help you understand a character's feelings?,Select character clues,MultipleSelect,the title,what they do,what they say,the page number,"[B,C]",222,2,CCSS.ELA.RL.3.3,character traits,"CCSS.ELA.CCR.R.3, CCSS.ELA.CCR.R.4",,,
English,Grade 4,Which two are themes in a story?,Select possible themes,MultipleSelect,One two three.,The cat sat.,Honesty is best.,Friendship matters.,"[C,D]",228,2,CCSS.ELA.RL.4.2,theme,"CCSS.ELA.CCR.R.2, CCSS.ELA.CCR.R.9",,,
English,Grade 4,Which words are pronouns?,Select all pronouns,MultipleSelect,they,she,book,run,"[A,B]",225,1,CCSS.ELA.L.4.1,pronouns,"CCSS.ELA.CCR.L.1, CCSS.ELA.CCR.L.3",,,
English,Grade 4,Which two are first-person narrators?,Select first-person clues,MultipleSelect,We saw the game.,I went to the store.,He ran home.,They said hello.,"[A,B]",232,2,CCSS.ELA.RL.4.6,point of view,"CCSS.ELA.CCR.R.6, CCSS.ELA.CCR.R.4",,,
English,Grade 4,Which are types of context clues?,Select context clue types,MultipleSelect,example given,random word,synonym,definition in sentence,"[A,C,D]",235,2,CCSS.ELA.L.4.4,context clues,"CCSS.ELA.CCR.L.4, CCSS.ELA.CCR.R.4",,,
English,Grade 4,Which two are evidence from the text?,Select textual evidence,MultipleSelect,the author's name,the page number only,a quote from the story,a detail that supports the main idea,"[C,D]",240,2,CCSS.ELA.RI.4.8,evidence and reasoning,"CCSS.ELA.CCR.R.1, CCSS.ELA.CCR.R.8",,,
English,Grade 4,Which words are prepositions?,Select all prepositions,MultipleSelect,on,in,under,run,"[A,B,C]",230,1,CCSS.ELA.L.4.1,prepositions,"CCSS.ELA.CCR.L.1, CCSS.ELA.CCR.L.3",,,
English,Grade 4,Which two describe the structure of a poem?,Select poetic structure,MultipleSelect,stanzas,rhyme,water is wet,numbers,"[A,B]",242,2,CCSS.ELA.RL.4.5,text structure,"CCSS.ELA.CCR.R.5, CCSS.ELA.CCR.R.10",,,
English,Grade 4,Which are conjunctions?,Select all conjunctions,MultipleSelect,or,and,but,quickly,"[A,B,C]",233,1,CCSS.ELA.L.4.2,conjunctions,"CCSS.ELA.CCR.L.1, CCSS.ELA.CCR.L.2",,,
English,Grade 4,Which two make an argument stronger?,Select elements of argument,MultipleSelect,evidence,typos,reasons,unrelated facts,"[A,C]",245,3,CCSS.ELA.RI.4.8,argument and evidence,"CCSS.ELA.CCR.R.8, CCSS.ELA.CCR.W.1",,,
English,Grade 5,Which two are metaphors or similes?,Select figurative language,MultipleSelect,the cat sat,her smile was sunshine,the dog ran,as brave as a lion,"[B,D]",252,2,CCSS.ELA.L.5.5,figurative language,"CCSS.ELA.CCR.L.5, CCSS.ELA.CCR.R.4",,,
English,Grade 5,Which are ways to organize informational text?,Select text structures,MultipleSelect,no structure,compare and contrast,cause and effect,random order,"[B,C]",255,2,CCSS.ELA.RI.5.5,text structure,"CCSS.ELA.CCR.R.5, CCSS.ELA.CCR.R.10",,,
English,Grade 5,Which two show an author's perspective?,Select author perspective clues,MultipleSelect,word choice,font size,opinions stated,page numbers,"[A,C]",258,2,CCSS.ELA.RI.5.6,author's point of view,"CCSS.ELA.CCR.R.6, CCSS.ELA.CCR.R.8",,,
English,Grade 5,Which words have a negative connotation?,Select words with negative tone,MultipleSelect,determined,lazy,stubborn,active,"[B,C]",250,2,CCSS.ELA.L.5.5,word connotations,"CCSS.ELA.CCR.L.5, CCSS.ELA.CCR.L.6",,,
English,Grade 5,Which two are primary sources?,Select primary sources,MultipleSelect,a letter from the time,a diary entry,a textbook summary,a movie,"[A,B]",260,2,CCSS.ELA.RI.5.9,primary vs secondary,"CCSS.ELA.CCR.R.9, CCSS.ELA.CCR.W.8",,,
English,Grade 5,Which are verb tenses?,Select correct verb forms,MultipleSelect,walked,quickly,run fast,will walk,"[A,D]",248,1,CCSS.ELA.L.5.1,verb tense,"CCSS.ELA.CCR.L.1, CCSS.ELA.CCR.L.3",,,
English,Grade 5,Which two summarize a story well?,Select good summary traits,MultipleSelect,page numbers,key characters,every small detail,main events only,"[B,D]",265,2,CCSS.ELA.RL.5.2,summary,"CCSS.ELA.CCR.R.2, CCSS.ELA.CCR.R.10",,,
English,Grade 5,Which are transition words?,Select transition words,MultipleSelect,finally,one,red,however,"[A,D]",253,2,CCSS.ELA.W.5.2,transitions,"CCSS.ELA.CCR.W.4, CCSS.ELA.CCR.R.5",,,
English,Grade 5,Which two make a narrative engaging?,Select narrative techniques,MultipleSelect,random lists,page count,sensory details,dialogue,"[C,D]",268,2,CCSS.ELA.RL.5.4,narrative craft,"CCSS.ELA.CCR.R.4, CCSS.ELA.CCR.W.3",,,
English,Grade 6,Which two are central ideas of an article?,Select central ideas,MultipleSelect,Climate affects ecosystems.,Two plus two.,Recycling reduces waste.,The sky is blue.,"[A,C]",275,2,CCSS.ELA.RI.6.2,central idea,"CCSS.ELA.CCR.R.2, CCSS.ELA.CCR.R.10",,,
English,Grade 6,Which words are subjective (opinion)?,Select subjective language,MultipleSelect,three meters,unfair,beautiful,factual,"[B,C]",272,2,CCSS.ELA.RI.6.6,objective vs subjective,"CCSS.ELA.CCR.R.6, CCSS.ELA.CCR.L.5",,,
English,Grade 6,Which two are types of evidence in an argument?,Select types of evidence,MultipleSelect,off-topic detail,statistics,personal taste only,expert quote,"[B,D]",278,2,CCSS.ELA.RI.6.8,argument and evidence,"CCSS.ELA.CCR.R.8, CCSS.ELA.CCR.W.1",,,
English,Grade 6,Which are elements of plot?,Select plot elements,MultipleSelect,climax,page number,font,exposition,"[A,D]",270,2,CCSS.ELA.RL.6.3,plot structure,"CCSS.ELA.CCR.R.3, CCSS.ELA.CCR.R.5",,,
English,Grade 6,Which two show author's purpose?,Select author's purpose clues,MultipleSelect,persuasive language,page count,random words,informative tone,"[A,D]",276,2,CCSS.ELA.RI.6.6,author's purpose,"CCSS.ELA.CCR.R.6, CCSS.ELA.CCR.R.8",,,
English,Grade 6,Which are correctly punctuated?,Select correct punctuation,MultipleSelect,"She said ""Hello."""",""Hi"""" he said.""",The dog ran.,I like apples oranges and bananas.,"[A,C]",273,2,CCSS.ELA.L.6.2,punctuation,"CCSS.ELA.CCR.L.2, CCSS.ELA.CCR.L.3",,,,
English,Grade 6,Which two are themes across two texts?,Select common themes,MultipleSelect,courage,justice,a date,one character's name,"[A,B]",284,2,CCSS.ELA.RL.6.9,compare texts,"CCSS.ELA.CCR.R.9, CCSS.ELA.CCR.R.2",,,
English,Grade 6,Which words are academic vocabulary?,Select academic terms,MultipleSelect,conclude,analyze,thing,stuff,"[A,B]",271,2,CCSS.ELA.L.6.6,academic vocabulary,"CCSS.ELA.CCR.L.6, CCSS.ELA.CCR.R.4",,,
English,Grade 6,Which two support a claim?,Select supporting elements,MultipleSelect,irrelevant details,reasons,evidence,opinions only,"[B,C]",286,2,CCSS.ELA.RI.6.8,support claims,"CCSS.ELA.CCR.R.8, CCSS.ELA.CCR.W.9",,,
English,Grade 7,Which two are implied themes?,Select implied themes,MultipleSelect,The sky is blue.,Standing up for others matters.,Working hard pays off.,One two three.,"[B,C]",292,2,CCSS.ELA.RL.7.2,theme development,"CCSS.ELA.CCR.R.2, CCSS.ELA.CCR.R.9",,,
English,Grade 7,Which are rhetorical devices?,Select rhetorical devices,MultipleSelect,the end,question to audience,repetition,random word,"[B,C]",290,2,CCSS.ELA.RI.7.6,rhetoric,"CCSS.ELA.CCR.R.6, CCSS.ELA.CCR.R.8",,,
English,Grade 7,Which two show how structure supports meaning?,Select structure and meaning,MultipleSelect,short sentences for tension,flashback for past,font size,page numbers,"[A,B]",295,2,CCSS.ELA.RL.7.5,structure and meaning,"CCSS.ELA.CCR.R.5, CCSS.ELA.CCR.R.10",,,
English,Grade 7,Which words have a formal tone?,Select formal language,MultipleSelect,yeah,nevertheless,nope,however,"[B,D]",288,2,CCSS.ELA.L.7.3,style and tone,"CCSS.ELA.CCR.L.3, CCSS.ELA.CCR.L.6",,,
English,Grade 7,Which two are counterclaims?,Select counterclaim language,MultipleSelect,The sky is blue.,However opponents say,Some argue that,Facts show that.,"[B,C]",296,2,CCSS.ELA.RI.7.8,argument and counterclaim,"CCSS.ELA.CCR.R.8, CCSS.ELA.CCR.W.1",,,
English,Grade 7,Which are phrases vs clauses?,Select phrases (not full clauses),MultipleSelect,the dog ran,after the game,in the morning,she left,"[B,C]",291,2,CCSS.ELA.L.7.1,phrases and clauses,"CCSS.ELA.CCR.L.1, CCSS.ELA.CCR.L.3",,,
English,Grade 7,Which two compare two authors' presentations?,Select comparison points,MultipleSelect,emphasis different,tone,page length only,evidence used,"[A,B,D]",300,2,CCSS.ELA.RI.7.9,compare authors,"CCSS.ELA.CCR.R.9, CCSS.ELA.CCR.R.8",,,
English,Grade 7,Which words are precise (not vague)?,Select precise words,MultipleSelect,sprinted,ran quickly,thing,stuff,"[A,B]",294,2,CCSS.ELA.L.7.3,word choice,"CCSS.ELA.CCR.L.3, CCSS.ELA.CCR.W.4",,,
English,Grade 7,Which two develop character in a drama?,Select character development,MultipleSelect,stage directions,page numbers,font,dialogue,"[A,D]",302,2,CCSS.ELA.RL.7.3,drama and character,"CCSS.ELA.CCR.R.3, CCSS.ELA.CCR.R.5",,,
English,Grade 8,Which two are central ideas with supporting evidence?,Select well-supported central ideas,MultipleSelect,main idea with statistic,unsupported claim,random detail,main idea with quote,"[A,D]",308,2,CCSS.ELA.RI.8.2,central idea and support,"CCSS.ELA.CCR.R.2, CCSS.ELA.CCR.R.8",,,
English,Grade 8,Which are types of irony?,Select irony types,MultipleSelect,literal statement,situational,dramatic,fact,"[B,C]",306,2,CCSS.ELA.RL.8.6,irony and point of view,"CCSS.ELA.CCR.R.6, CCSS.ELA.CCR.L.5",,,
English,Grade 8,Which two show how an author responds to conflicting viewpoints?,Select response to viewpoints,MultipleSelect,acknowledges then refutes,addresses counterclaim,ignores opposition,changes subject,"[A,B]",312,2,CCSS.ELA.RI.8.6,conflicting viewpoints,"CCSS.ELA.CCR.R.8, CCSS.ELA.CCR.W.1",,,
English,Grade 8,Which words show bias?,Select biased language,MultipleSelect,reported,measured,obviously,clearly,"[C,D]",304,2,CCSS.ELA.RI.8.6,bias and perspective,"CCSS.ELA.CCR.R.6, CCSS.ELA.CCR.L.5",,,
English,Grade 8,Which two are strong textual evidence?,Select strong evidence,MultipleSelect,off-topic,paraphrase with citation,unsupported opinion,direct quote,"[B,D]",310,2,CCSS.ELA.RI.8.1,textual evidence,"CCSS.ELA.CCR.R.1, CCSS.ELA.CCR.W.9",,,
English,Grade 8,Which are active voice?,Select active voice sentences,MultipleSelect,The ball was thrown.,The game was won.,The team won the game.,She wrote the letter.,"[C,D]",305,2,CCSS.ELA.L.8.1,active and passive,"CCSS.ELA.CCR.L.1, CCSS.ELA.CCR.L.3",,,
English,Grade 8,Which two relate to author's purpose and audience?,Select purpose and audience,MultipleSelect,formal for experts,topic only,page count,casual for peers,"[A,D]",318,2,CCSS.ELA.RI.8.6,audience and purpose,"CCSS.ELA.CCR.R.6, CCSS.ELA.CCR.SL.4",,,
English,Grade 8,Which words are domain-specific?,Select domain-specific terms,MultipleSelect,photosynthesis,ecosystem,good,nice,"[A,B]",307,2,CCSS.ELA.L.8.6,domain vocabulary,"CCSS.ELA.CCR.L.6, CCSS.ELA.CCR.R.4",,,
English,Grade 8,Which two analyze how structure contributes to theme?,Select structure and theme,MultipleSelect,font choice,repeated symbol,page numbers,parallel plots,"[B,D]",320,2,CCSS.ELA.RL.8.5,structure and theme,"CCSS.ELA.CCR.R.5, CCSS.ELA.CCR.R.2",,,
English,Grade 9,Which two are themes developed through symbolism?,Select symbolic themes,MultipleSelect,journey as growth,literal description,light as hope,page count,"[A,C]",325,2,CCSS.ELA.RL.9-10.2,theme and symbolism,"CCSS.ELA.CCR.R.2, CCSS.ELA.CCR.R.4",,,
English,Grade 9,Which are types of reasoning in argument?,Select reasoning types,MultipleSelect,random claim,logical appeal,emotional appeal,typo,"[B,C]",322,2,CCSS.ELA.RI.9-10.8,argument and rhetoric,"CCSS.ELA.CCR.R.8, CCSS.ELA.CCR.W.1",,,
English,Grade 9,Which two show how an author builds an argument?,Select argument structure,MultipleSelect,claim then evidence,addresses counterclaim,no structure,unrelated facts,"[A,B]",328,2,CCSS.ELA.RI.9-10.5,argument structure,"CCSS.ELA.CCR.R.5, CCSS.ELA.CCR.R.8",,,
English,Grade 9,Which words indicate tone?,Select tone indicators,MultipleSelect,the,solemn,sarcastic,the,"[B,C]",320,2,CCSS.ELA.L.9-10.5,tone and meaning,"CCSS.ELA.CCR.L.5, CCSS.ELA.CCR.R.4",,,
English,Grade 9,Which two are complex ideas in a text?,Select complex ideas,MultipleSelect,one word,underlying assumption,author's thesis,simple fact only,"[B,C]",330,2,CCSS.ELA.RI.9-10.2,complex ideas,"CCSS.ELA.CCR.R.2, CCSS.ELA.CCR.R.10",,,
English,Grade 9,Which are semicolon uses?,Select correct semicolon use,MultipleSelect,separate items with commas,end of sentence,join related clauses,after a greeting,"[A,C]",324,2,CCSS.ELA.L.9-10.2,punctuation,"CCSS.ELA.CCR.L.2, CCSS.ELA.CCR.L.3",,,
English,Grade 9,Which two compare how authors treat the same theme?,Select comparative analysis,MultipleSelect,same sentence,different evidence,different emphasis,page count,"[B,C]",335,2,CCSS.ELA.RL.9-10.9,compare texts,"CCSS.ELA.CCR.R.9, CCSS.ELA.CCR.R.2",,,
English,Grade 9,Which words are nuanced?,Select nuanced vocabulary,MultipleSelect,identical,big vs large,exact same,reluctant vs refused,"[B,D]",327,2,CCSS.ELA.L.9-10.5,nuance and meaning,"CCSS.ELA.CCR.L.5, CCSS.ELA.CCR.L.6",,,
English,Grade 9,Which two evaluate argument strength?,Select evaluation criteria,MultipleSelect,sufficient evidence,irrelevant,opinion only,sound reasoning,"[A,D]",338,2,CCSS.ELA.RI.9-10.8,evaluate argument,"CCSS.ELA.CCR.R.8, CCSS.ELA.CCR.SL.3",,,
English,Grade 10,Which two show how author's choices shape meaning?,Select author's choices,MultipleSelect,structure,page number,word choice,font,"[A,C]",342,2,CCSS.ELA.RL.9-10.4,author's choices,"CCSS.ELA.CCR.R.4, CCSS.ELA.CCR.R.5",,,
English,Grade 10,Which are types of evidence in research?,Select research evidence,MultipleSelect,scholarly article,blog opinion,primary source,random quote,"[A,C]",340,2,CCSS.ELA.RI.9-10.9,research and sources,"CCSS.ELA.CCR.R.9, CCSS.ELA.CCR.W.8",,,
English,Grade 10,Which two analyze how rhetoric advances purpose?,Select rhetorical analysis,MultipleSelect,appeal to logic,page count,appeal to emotion,typo,"[A,C]",345,2,CCSS.ELA.RI.9-10.6,rhetoric and purpose,"CCSS.ELA.CCR.R.6, CCSS.ELA.CCR.R.8",,,
English,Grade 10,Which words are ambiguous?,Select ambiguous terms,MultipleSelect,run (operate or jog),bank (money or river),dog,cat,"[A,B]",338,2,CCSS.ELA.L.9-10.5,multiple meanings,"CCSS.ELA.CCR.L.5, CCSS.ELA.CCR.R.4",,,
English,Grade 10,Which two are themes across genres?,Select cross-genre themes,MultipleSelect,identity,one character name,a date,power and corruption,"[A,D]",346,2,CCSS.ELA.RL.9-10.9,themes across genres,"CCSS.ELA.CCR.R.9, CCSS.ELA.CCR.R.2",,,
English,Grade 10,Which are comma rules?,Select correct comma usage,MultipleSelect,nowhere,after introductory phrase,between items in series,after every word,"[B,C]",341,2,CCSS.ELA.L.9-10.2,conventions,"CCSS.ELA.CCR.L.2, CCSS.ELA.CCR.L.3",,,
English,Grade 10,Which two distinguish claim from evidence?,Select claim vs evidence,MultipleSelect,evidence supports it,they are the same,neither exists,claim is the argument,"[A,D]",350,2,CCSS.ELA.RI.9-10.8,claim and evidence,"CCSS.ELA.CCR.R.8, CCSS.ELA.CCR.W.1",,,
English,Grade 10,Which words show formal style?,Select formal style,MultipleSelect,furthermore,okay,nevertheless,yeah,"[A,C]",344,2,CCSS.ELA.L.9-10.3,formal style,"CCSS.ELA.CCR.L.3, CCSS.ELA.CCR.W.4",,,
English,Grade 10,Which two analyze author's perspective?,Select perspective analysis,MultipleSelect,historical context,cultural context,font size,page number,"[A,B]",350,2,CCSS.ELA.RI.9-10.6,author's perspective,"CCSS.ELA.CCR.R.6, CCSS.ELA.CCR.R.9",,,
English,Grade 11,Which two are central ideas with nuanced development?,Select nuanced central ideas,MultipleSelect,qualified claim,main idea with complexity,simple fact,one word,"[A,B]",350,2,CCSS.ELA.RI.11-12.2,central idea development,"CCSS.ELA.CCR.R.2, CCSS.ELA.CCR.R.10",,,
English,Grade 11,Which are elements of satire?,Select satirical elements,MultipleSelect,literal statement,exaggeration,irony,plain fact,"[B,C]",348,2,CCSS.ELA.RL.11-12.6,satire and rhetoric,"CCSS.ELA.CCR.R.6, CCSS.ELA.CCR.L.5",,,
English,Grade 11,Which two evaluate reasoning in seminal texts?,Select reasoning evaluation,MultipleSelect,page count,fallacies,typos,premise and conclusion,"[B,D]",350,2,CCSS.ELA.RI.11-12.8,seminal documents,"CCSS.ELA.CCR.R.8, CCSS.ELA.CCR.R.10",,,
English,Grade 11,Which words are archaic or specialized?,Select specialized vocabulary,MultipleSelect,stuff,thing,wherefore,hence,"[C,D]",348,2,CCSS.ELA.L.11-12.6,domain vocabulary,"CCSS.ELA.CCR.L.6, CCSS.ELA.CCR.R.4",,,
English,Grade 11,Which two analyze how style contributes to meaning?,Select style and meaning,MultipleSelect,syntax choices,diction,font,page numbers,"[A,B]",348,2,CCSS.ELA.RL.11-12.4,style and meaning,"CCSS.ELA.CCR.R.4, CCSS.ELA.CCR.R.5",,,
English,Grade 11,Which are colon and dash uses?,Select punctuation use,MultipleSelect,emphasize point,after greeting,random,introduce list,"[A,D]",348,2,CCSS.ELA.L.11-12.2,advanced punctuation,"CCSS.ELA.CCR.L.2, CCSS.ELA.CCR.L.3",,,
English,Grade 11,Which two compare foundational documents?,Select document comparison,MultipleSelect,same author,page count,shared themes,different rhetoric,"[C,D]",350,2,CCSS.ELA.RI.11-12.9,foundational documents,"CCSS.ELA.CCR.R.9, CCSS.ELA.CCR.W.9",,,
English,Grade 11,Which words indicate author's stance?,Select stance indicators,MultipleSelect,clearly,unfortunately,measured,reported,"[A,B]",348,2,CCSS.ELA.RI.11-12.6,stance and rhetoric,"CCSS.ELA.CCR.R.6, CCSS.ELA.CCR.L.5",,,
English,Grade 11,Which two evaluate effectiveness of argument?,Select effectiveness criteria,MultipleSelect,length only,reasoning soundness,typos,evidence quality,"[B,D]",350,2,CCSS.ELA.RI.11-12.8,evaluate argument,"CCSS.ELA.CCR.R.8, CCSS.ELA.CCR.SL.3",,,
English,Grade 12,Which two are multiple themes with complexity?,Select complex themes,MultipleSelect,thematic tension,page number,one word,main and subordinate themes,"[A,D]",350,2,CCSS.ELA.RL.11-12.2,complex themes,"CCSS.ELA.CCR.R.2, CCSS.ELA.CCR.R.9",,,
English,Grade 12,Which are rhetorical strategies in persuasion?,Select rhetorical strategies,MultipleSelect,ethos,typo,random,pathos,"[A,D]",350,2,CCSS.ELA.RI.11-12.6,rhetoric and persuasion,"CCSS.ELA.CCR.R.6, CCSS.ELA.CCR.R.8",,,
English,Grade 12,Which two synthesize information across sources?,Select synthesis,MultipleSelect,ignore conflict,one source only,compare multiple authors,integrate evidence,"[C,D]",350,2,CCSS.ELA.RI.11-12.7,synthesis,"CCSS.ELA.CCR.R.9, CCSS.ELA.CCR.W.7",,,
English,Grade 12,Which words show rhetorical effect?,Select rhetorical effect,MultipleSelect,typo,plain word,repetition for emphasis,parallel structure,"[C,D]",348,2,CCSS.ELA.L.11-12.5,rhetorical effect,"CCSS.ELA.CCR.L.5, CCSS.ELA.CCR.R.4",,,
English,Grade 12,Which two analyze how author addresses conflicting evidence?,Select handling of conflict,MultipleSelect,ignores,qualifies claim,acknowledges then refutes,changes subject,"[B,C]",350,2,CCSS.ELA.RI.11-12.8,conflicting evidence,"CCSS.ELA.CCR.R.8, CCSS.ELA.CCR.W.1",,,
English,Grade 12,Which are conventions of formal writing?,Select formal conventions,MultipleSelect,third person where appropriate,avoid contractions,slang,text speak,"[A,B]",348,2,CCSS.ELA.L.11-12.3,formal conventions,"CCSS.ELA.CCR.L.3, CCSS.ELA.CCR.W.4",,,
English,Grade 12,Which two evaluate how author uses rhetoric?,Select rhetoric evaluation,MultipleSelect,page count,use of evidence,typos,appeal to audience,"[B,D]",350,2,CCSS.ELA.RI.11-12.6,evaluate rhetoric,"CCSS.ELA.CCR.R.6, CCSS.ELA.CCR.SL.3",,,
English,Grade 12,Which words are precise in academic writing?,Select precise academic words,MultipleSelect,thing,demonstrate,get,indicate,"[B,D]",348,2,CCSS.ELA.L.11-12.6,academic vocabulary,"CCSS.ELA.CCR.L.6, CCSS.ELA.CCR.W.4",,,
English,Grade 12,Which two compare how texts from different periods treat theme?,Select cross-period comparison,MultipleSelect,same author,different historical context,page count,different style,"[B,D]",350,2,CCSS.ELA.RL.11-12.9,compare across periods,"CCSS.ELA.CCR.R.9, CCSS.ELA.CCR.R.2",,,
Maths,Grade 1,Which two show the same number?,Select all that show the same number,MultipleSelect,5,3+2,4+1,2,"[A,B,C]",155,1,CCSS.MATH.CONTENT.1.OA.A.1,number sense,"CCSS.MATH.MP.6, CCSS.MATH.DOM.OA",,,
Maths,Grade 1,Which are ways to make 10?,Select all number pairs that make 10,MultipleSelect,6+4,7+2,3+7,5+5,"[A,C,D]",162,2,CCSS.MATH.CONTENT.1.OA.C.6,add within 20,"CCSS.MATH.MP.7, CCSS.MATH.DOM.OA",,,
Maths,Grade 1,Which numbers are greater than 8?,Select all numbers greater than 8,MultipleSelect,9,10,7,6,"[A,B]",158,1,CCSS.MATH.CONTENT.1.NBT.B.3,compare numbers,"CCSS.MATH.MP.2, CCSS.MATH.DOM.NBT",,,
Maths,Grade 1,Which two are addition facts for 7?,Select all that equal 7,MultipleSelect,3+4,2+5,6+2,1+8,"[A,B]",172,1,CCSS.MATH.CONTENT.1.OA.A.1,addition facts,"CCSS.MATH.MP.6, CCSS.MATH.DOM.OA",,,
Maths,Grade 1,Which shapes have 4 sides?,Select all shapes with 4 sides,MultipleSelect,square,rectangle,triangle,circle,"[A,B]",165,1,CCSS.MATH.CONTENT.1.G.A.1,attributes of shapes,"CCSS.MATH.MP.7, CCSS.MATH.DOM.G",,,
Maths,Grade 1,Which are true?,Select all true number sentences,MultipleSelect,5=5,3+2=5,4>6,2<1,"[A,B]",170,2,CCSS.MATH.CONTENT.1.OA.D.7,true false equations,"CCSS.MATH.MP.3, CCSS.MATH.DOM.OA",,,
Maths,Grade 1,Which two show tens and ones?,Select place value representations,MultipleSelect,23,30+4,5,10+7,"[A,B,D]",160,1,CCSS.MATH.CONTENT.1.NBT.B.2,tens and ones,"CCSS.MATH.MP.2, CCSS.MATH.DOM.NBT",,,
Maths,Grade 1,Which numbers come between 14 and 18?,Select all numbers between 14 and 18,MultipleSelect,15,16,19,13,"[A,B]",175,1,CCSS.MATH.CONTENT.1.NBT.A.1,number order,"CCSS.MATH.MP.8, CCSS.MATH.DOM.NBT",,,
Maths,Grade 1,Which are subtraction facts for 9?,Select all that equal 9 when subtracting,MultipleSelect,1-Oct,Sep-00,2-Aug,3-Nov,"[A,B]",178,1,CCSS.MATH.CONTENT.1.OA.A.1,subtraction facts,"CCSS.MATH.MP.6, CCSS.MATH.DOM.OA",,,
Maths,Grade 2,Which two equal 100?,Select all that equal 100,MultipleSelect,50+50,90+10,60+50,25+75,"[A,B,D]",185,2,CCSS.MATH.CONTENT.2.NBT.B.5,add subtract within 100,"CCSS.MATH.MP.6, CCSS.MATH.DOM.NBT",,,
Maths,Grade 2,Which are odd numbers?,Select all odd numbers,MultipleSelect,7,12,9,4,"[A,C]",182,1,CCSS.MATH.CONTENT.2.OA.C.3,odd and even,"CCSS.MATH.MP.7, CCSS.MATH.DOM.OA",,,
Maths,Grade 2,Which shapes have right angles?,Select all shapes with a right angle,MultipleSelect,square,rectangle,circle,triangle,"[A,B]",192,1,CCSS.MATH.CONTENT.2.G.A.1,shape attributes,"CCSS.MATH.MP.5, CCSS.MATH.DOM.G",,,
Maths,Grade 2,Which two are ways to show 3 groups of 4?,Select multiplication representations,MultipleSelect,4+4+4,3×4,4+3,3+3+3+3,"[A,B]",188,2,CCSS.MATH.CONTENT.2.OA.C.4,equal groups,"CCSS.MATH.MP.2, CCSS.MATH.DOM.OA",,,
Maths,Grade 2,Which numbers round to 50?,Select all that round to 50,MultipleSelect,47,52,45,55,"[A,B]",190,2,CCSS.MATH.CONTENT.2.NBT.A.1,place value and rounding,"CCSS.MATH.MP.6, CCSS.MATH.DOM.NBT",,,
Maths,Grade 2,Which are lengths you could measure with a ruler?,Select measurable lengths,MultipleSelect,5 cm,10 inches,heavy,fast,"[A,B]",195,1,CCSS.MATH.CONTENT.2.MD.A.1,measure length,"CCSS.MATH.MP.5, CCSS.MATH.DOM.MD",,,
Maths,Grade 2,Which two make 15?,Select number pairs that sum to 15,MultipleSelect,8+7,9+6,10+4,5+5,"[A,B]",180,1,CCSS.MATH.CONTENT.2.OA.B.2,fluent add subtract,"CCSS.MATH.MP.6, CCSS.MATH.DOM.OA",,,
Maths,Grade 2,Which are correct for 6×3?,Select all equal to 6×3,MultipleSelect,18,6+6+6,3+3+3+3+3+3,9,"[A,B,C]",200,2,CCSS.MATH.CONTENT.2.OA.C.4,meaning of multiplication,"CCSS.MATH.MP.7, CCSS.MATH.DOM.OA",,,
Maths,Grade 2,Which show the same amount of time?,Select equivalent times,MultipleSelect,30 minutes,half hour,2 quarters,60 minutes,"[A,B,C]",197,1,CCSS.MATH.CONTENT.2.MD.C.7,time to 5 minutes,"CCSS.MATH.MP.6, CCSS.MATH.DOM.MD",,,
Maths,Grade 3,Which two are equivalent to 1/2?,Select all equivalent to one half,MultipleSelect,4-Feb,6-Mar,3-Jan,3-Feb,"[A,B]",208,2,CCSS.MATH.CONTENT.3.NF.A.3,equivalent fractions,"CCSS.MATH.MP.7, CCSS.MATH.DOM.NF",,,
Maths,Grade 3,Which are multiples of 5?,Select all multiples of 5,MultipleSelect,15,20,22,35,"[A,B,D]",205,1,CCSS.MATH.CONTENT.3.OA.A.1,multiplication facts,"CCSS.MATH.MP.8, CCSS.MATH.DOM.OA",,,
Maths,Grade 3,Which shapes have area 12 square units?,Select shapes with area 12,MultipleSelect,3×4 rectangle,6×2 rectangle,2×5 rectangle,12×1 rectangle,"[A,B,D]",212,2,CCSS.MATH.CONTENT.3.MD.C.7,area of rectangles,"CCSS.MATH.MP.4, CCSS.MATH.DOM.MD",,,
Maths,Grade 3,Which numbers are factors of 24?,Select all factors of 24,MultipleSelect,6,8,5,12,"[A,B,D]",202,2,CCSS.MATH.CONTENT.3.OA.B.5,factors and multiples,"CCSS.MATH.MP.7, CCSS.MATH.DOM.OA",,,
Maths,Grade 3,Which two have perimeter 16?,Select shapes with perimeter 16 units,MultipleSelect,4×4 square,5+5+3+3 rectangle,8×2 rectangle,6+6+2+2,"[A,B]",215,2,CCSS.MATH.CONTENT.3.MD.D.8,perimeter,"CCSS.MATH.MP.2, CCSS.MATH.DOM.MD",,,
Maths,Grade 3,Which are correct?,Select all true statements,MultipleSelect,7×8=56,9×6=54,4×9=35,6×7=42,"[A,B,D]",210,1,CCSS.MATH.CONTENT.3.OA.C.7,multiplication fluency,"CCSS.MATH.MP.6, CCSS.MATH.DOM.OA",,,
Maths,Grade 3,Which fractions are less than 1?,Select fractions less than 1,MultipleSelect,4-Mar,4-May,3-Feb,5-Jun,"[A,C]",220,1,CCSS.MATH.CONTENT.3.NF.A.2,unit fractions,"CCSS.MATH.MP.2, CCSS.MATH.DOM.NF",,,
Maths,Grade 3,Which two show 1/4 shaded?,Select correct quarter representations,MultipleSelect,one quarter of a circle,one of four equal parts,two quarters,three quarters,"[A,B]",213,1,CCSS.MATH.CONTENT.3.NF.A.1,fractions of a whole,"CCSS.MATH.MP.5, CCSS.MATH.DOM.NF",,,
Maths,Grade 3,Which are quadrilaterals?,Select all quadrilaterals,MultipleSelect,square,rectangle,rhombus,triangle,"[A,B,C]",222,1,CCSS.MATH.CONTENT.3.G.A.1,classify shapes,"CCSS.MATH.MP.7, CCSS.MATH.DOM.G",,,
Maths,Grade 4,Which two are equivalent to 0.5?,Select decimal and fraction equivalents,MultipleSelect,2-Jan,10-May,5-Feb,0.05,"[A,B]",228,2,CCSS.MATH.CONTENT.4.NF.C.6,decimals and fractions,"CCSS.MATH.MP.7, CCSS.MATH.DOM.NF",,,
Maths,Grade 4,Which are prime numbers?,Select all prime numbers,MultipleSelect,2,3,4,5,"[A,B,D]",225,2,CCSS.MATH.CONTENT.4.OA.B.4,factors and primes,"CCSS.MATH.MP.7, CCSS.MATH.DOM.OA",,,
Maths,Grade 4,Which two angles are acute?,Select acute angles,MultipleSelect,45°,90°,30°,120°,"[A,C]",232,1,CCSS.MATH.CONTENT.4.MD.C.5,angle measure,"CCSS.MATH.MP.5, CCSS.MATH.DOM.MD",,,
Maths,Grade 4,Which fractions equal 3/4?,Select all equivalent to 3/4,MultipleSelect,8-Jun,12-Sep,3-Feb,75/100,"[A,B,D]",235,2,CCSS.MATH.CONTENT.4.NF.A.1,equivalent fractions,"CCSS.MATH.MP.7, CCSS.MATH.DOM.NF",,,
Maths,Grade 4,Which are factors of 36?,Select all factors of 36,MultipleSelect,6,9,7,12,"[A,B,D]",240,2,CCSS.MATH.CONTENT.4.OA.B.4,factors,"CCSS.MATH.MP.7, CCSS.MATH.DOM.OA",,,
Maths,Grade 4,Which two have the same value?,Select equivalent expressions,MultipleSelect,2×6,3×4,12,4+4+4,"[A,B,C]",230,1,CCSS.MATH.CONTENT.4.OA.A.1,multiplication comparison,"CCSS.MATH.MP.2, CCSS.MATH.DOM.OA",,,
Maths,Grade 4,Which units measure length?,Select length units,MultipleSelect,meter,foot,liter,inch,"[A,B,D]",242,1,CCSS.MATH.CONTENT.4.MD.A.1,measurement units,"CCSS.MATH.MP.6, CCSS.MATH.DOM.MD",,,
Maths,Grade 4,Which numbers are composite?,Select all composite numbers,MultipleSelect,4,6,7,9,"[A,B,D]",233,2,CCSS.MATH.CONTENT.4.OA.B.4,prime and composite,"CCSS.MATH.MP.7, CCSS.MATH.DOM.OA",,,
Maths,Grade 4,Which two show 2/3?,Select representations of 2/3,MultipleSelect,two thirds shaded,6-Apr,1/3+1/3,2-Mar,"[A,B,C]",245,2,CCSS.MATH.CONTENT.4.NF.A.2,compare fractions,"CCSS.MATH.MP.2, CCSS.MATH.DOM.NF",,,
Maths,Grade 5,Which two equal 1?,Select all that equal 1,MultipleSelect,4-Apr,0.5+0.5,2/3+1/3,1/2+1/2,"[A,B,C,D]",252,2,CCSS.MATH.CONTENT.5.NF.A.1,add subtract fractions,"CCSS.MATH.MP.6, CCSS.MATH.DOM.NF",,,
Maths,Grade 5,Which are correct for 0.3×2?,Select equivalent expressions,MultipleSelect,0.6,3/10×2,10-Jun,0.03×20,"[A,B,C]",255,2,CCSS.MATH.CONTENT.5.NBT.B.7,decimal multiplication,"CCSS.MATH.MP.7, CCSS.MATH.DOM.NBT",,,
Maths,Grade 5,Which two are greater than 1/2?,Select fractions greater than 1/2,MultipleSelect,4-Mar,3-Feb,4-Jan,3-Jan,"[A,B]",258,2,CCSS.MATH.CONTENT.5.NF.A.2,compare fractions,"CCSS.MATH.MP.2, CCSS.MATH.DOM.NF",,,
Maths,Grade 5,Which shapes have parallel sides?,Select shapes with at least one pair of parallel sides,MultipleSelect,square,rectangle,trapezoid,equilateral triangle,"[A,B,C]",250,1,CCSS.MATH.CONTENT.5.G.B.3,2D attributes,"CCSS.MATH.MP.5, CCSS.MATH.DOM.G",,,
Maths,Grade 5,Which are correct?,Select all true,MultipleSelect,1/2×4=2,3×1/4=3/4,2/5×10=4,1/3×6=3,"[A,B,C]",260,2,CCSS.MATH.CONTENT.5.NF.B.4,fraction times whole number,"CCSS.MATH.MP.6, CCSS.MATH.DOM.NF",,,
Maths,Grade 5,Which two have volume 24 cubic units?,Select prisms with volume 24,MultipleSelect,2×3×4,6×2×2,5×5×1,8×3×1,"[A,B,D]",248,2,CCSS.MATH.CONTENT.5.MD.C.5,volume,"CCSS.MATH.MP.4, CCSS.MATH.DOM.MD",,,
Maths,Grade 5,Which expressions equal 20?,Select all equal to 20,MultipleSelect,4×5,2×10,15+5,100÷4,"[A,B,C,D]",265,1,CCSS.MATH.CONTENT.5.OA.A.1,order of operations,"CCSS.MATH.MP.6, CCSS.MATH.DOM.OA",,,
Maths,Grade 5,Which are metric units?,Select metric units,MultipleSelect,meter,kilogram,foot,gallon,"[A,B]",253,1,CCSS.MATH.CONTENT.5.MD.A.1,convert units,"CCSS.MATH.MP.6, CCSS.MATH.DOM.MD",,,
Maths,Grade 5,Which two show 0.75?,Select representations of 0.75,MultipleSelect,75%,4-Mar,5-Jul,75/10,"[A,B]",268,2,CCSS.MATH.CONTENT.5.NBT.A.3,decimals and fractions,"CCSS.MATH.MP.7, CCSS.MATH.DOM.NBT",,,
Maths,Grade 6,Which two are equivalent to 50%?,Select equivalent to 50%,MultipleSelect,2-Jan,0.5,4-Feb,3-Jan,"[A,B,C]",275,2,CCSS.MATH.CONTENT.6.RP.A.3,ratios and percents,"CCSS.MATH.MP.2, CCSS.MATH.DOM.RP",,,
Maths,Grade 6,Which are negative numbers?,Select all negative numbers,MultipleSelect,-3,-0.5,0,5,"[A,B]",272,1,CCSS.MATH.CONTENT.6.NS.C.5,positive negative,"CCSS.MATH.MP.6, CCSS.MATH.DOM.NS",,,
Maths,Grade 6,Which two satisfy x+5>10?,Select all solutions to the inequality,MultipleSelect,6,7,5,4,"[A,B]",278,2,CCSS.MATH.CONTENT.6.EE.B.8,inequalities,"CCSS.MATH.MP.2, CCSS.MATH.DOM.EE",,,
Maths,Grade 6,Which ratios are equivalent to 2:3?,Select equivalent ratios,MultipleSelect,4:06,6:09,3:02,8:12,"[A,B,D]",270,2,CCSS.MATH.CONTENT.6.RP.A.3,equivalent ratios,"CCSS.MATH.MP.7, CCSS.MATH.DOM.RP",,,
Maths,Grade 6,Which expressions equal 3x when x=2?,Select all equal to 3x for x=2,MultipleSelect,6,x+x+x,3×2,2+3,"[A,B,C]",276,2,CCSS.MATH.CONTENT.6.EE.A.2,expressions,"CCSS.MATH.MP.6, CCSS.MATH.DOM.EE",,,
Maths,Grade 6,Which are factors of 48?,Select all factors of 48,MultipleSelect,6,8,7,12,"[A,B,D]",273,2,CCSS.MATH.CONTENT.6.NS.B.4,factors and multiples,"CCSS.MATH.MP.7, CCSS.MATH.DOM.NS",,,
Maths,Grade 6,Which two triangles have area 12?,Select triangles with area 12,MultipleSelect,base 6 height 4,base 8 height 3,base 5 height 5,base 4 height 6,"[A,B,D]",284,2,CCSS.MATH.CONTENT.6.G.A.1,area of triangle,"CCSS.MATH.MP.4, CCSS.MATH.DOM.G",,,
Maths,Grade 6,Which numbers are integers?,Select all integers,MultipleSelect,-2,0,3,2-Jan,"[A,B,C]",271,1,CCSS.MATH.CONTENT.6.NS.C.6,integers,"CCSS.MATH.MP.6, CCSS.MATH.DOM.NS",,,
Maths,Grade 6,Which two show the same value?,Select equivalent forms,MultipleSelect,4-Jan,0.25,25%,8-Feb,"[A,B,C,D]",286,2,CCSS.MATH.CONTENT.6.RP.A.3,percents and fractions,"CCSS.MATH.MP.7, CCSS.MATH.DOM.RP",,,
Maths,Grade 7,Which two are equivalent to -(-5)?,Select equivalent expressions,MultipleSelect,5,5,-5,0-(-5),"[A,B,D]",292,1,CCSS.MATH.CONTENT.7.NS.A.1,add subtract rationals,"CCSS.MATH.MP.6, CCSS.MATH.DOM.NS",,,
Maths,Grade 7,Which satisfy 2x+1=9?,Select all solutions,MultipleSelect,4,2(4)+1,x=4,5,"[A,B,C]",290,2,CCSS.MATH.CONTENT.7.EE.B.4,solve equations,"CCSS.MATH.MP.2, CCSS.MATH.DOM.EE",,,
Maths,Grade 7,Which are proportional to 3:4?,Select equivalent ratios,MultipleSelect,6:08,9:12,12:16,5:06,"[A,B,C]",295,2,CCSS.MATH.CONTENT.7.RP.A.2,proportional relationships,"CCSS.MATH.MP.7, CCSS.MATH.DOM.RP",,,
Maths,Grade 7,Which two have the same probability?,Select events with equal probability,MultipleSelect,heads on a fair coin,1 on a fair die,even on a fair die,red from 2 red 2 blue,"[A,B,C]",288,2,CCSS.MATH.CONTENT.7.SP.C.7,probability,"CCSS.MATH.MP.2, CCSS.MATH.DOM.SP",,,
Maths,Grade 7,Which simplify to 5x?,Select equivalent to 5x,MultipleSelect,2x+3x,x+4x,10x-5x,6x-x,"[A,B,C,D]",296,1,CCSS.MATH.CONTENT.7.EE.A.1,combine like terms,"CCSS.MATH.MP.7, CCSS.MATH.DOM.EE",,,
Maths,Grade 7,Which two are correct for 30% of 80?,Select all correct,MultipleSelect,24,0.3×80,3/10×80,30×80,"[A,B,C]",300,2,CCSS.MATH.CONTENT.7.RP.A.3,percent problems,"CCSS.MATH.MP.2, CCSS.MATH.DOM.RP",,,
Maths,Grade 7,Which formulas find area?,Select area formulas,MultipleSelect,length×width,1/2 base×height,πr²,2πr,"[A,B,C]",291,2,CCSS.MATH.CONTENT.7.G.B.6,area formulas,"CCSS.MATH.MP.4, CCSS.MATH.DOM.G",,,
Maths,Grade 7,Which numbers are rational?,Select all rational numbers,MultipleSelect,2-Jan,-3,0.5,√2,"[A,B,C]",294,2,CCSS.MATH.CONTENT.7.NS.A.2,rational numbers,"CCSS.MATH.MP.6, CCSS.MATH.DOM.NS",,,
Maths,Grade 7,Which two represent the same relationship?,Select equivalent representations,MultipleSelect,y=2x,table (1,2) (2,4),graph through origin slope 2, y=x+2,"[A,B,C]",302,2,CCSS.MATH.CONTENT.7.RP.A.2,proportional representations,"CCSS.MATH.MP.4, CCSS.MATH.DOM.RP",
Maths,Grade 8,Which two are equivalent to 2³?,Select equivalent expressions,MultipleSelect,8,2×2×2,4×2,2+2+2,"[A,B]",308,1,CCSS.MATH.CONTENT.8.EE.A.1,integer exponents,"CCSS.MATH.MP.7, CCSS.MATH.DOM.EE",,,
Maths,Grade 8,Which satisfy x²=16?,Select all solutions,MultipleSelect,4,-4,8,-8,"[A,B]",306,2,CCSS.MATH.CONTENT.8.EE.A.2,square roots,"CCSS.MATH.MP.2, CCSS.MATH.DOM.EE",,,
Maths,Grade 8,Which are functions?,Select relationships that are functions,MultipleSelect,each input one output,vertical line test passes,y=2x,x²+y²=1,"[A,B,C]",312,2,CCSS.MATH.CONTENT.8.F.A.1,function definition,"CCSS.MATH.MP.7, CCSS.MATH.DOM.F",,,
Maths,Grade 8,Which two have slope 2?,Select lines with slope 2,MultipleSelect,y=2x+1,y=2x-3,y=-2x,x/2+y=1,"[A,B]",304,2,CCSS.MATH.CONTENT.8.EE.B.6,slope,"CCSS.MATH.MP.2, CCSS.MATH.DOM.EE",,,
Maths,Grade 8,Which are Pythagorean triples?,Select all Pythagorean triples,MultipleSelect,3/4/2005,5/12/2013,4/5/2006,6/8/2010,"[A,B,D]",310,2,CCSS.MATH.CONTENT.8.G.B.7,Pythagorean theorem,"CCSS.MATH.MP.2, CCSS.MATH.DOM.G",,,
Maths,Grade 8,Which two are irrational?,Select irrational numbers,MultipleSelect,√2,π,0.5,3-Jan,"[A,B]",305,2,CCSS.MATH.CONTENT.8.NS.A.1,irrational numbers,"CCSS.MATH.MP.7, CCSS.MATH.DOM.NS",,,
Maths,Grade 8,Which equations have no solution?,Select equations with no solution,MultipleSelect,x+1=x+2,2x=2x+1,3x=3x,x=5,"[A,B,C]",318,2,CCSS.MATH.CONTENT.8.EE.C.7,solutions of equations,"CCSS.MATH.MP.3, CCSS.MATH.DOM.EE",,,
Maths,Grade 8,Which transformations preserve length?,Select rigid motions,MultipleSelect,translation,rotation,reflection,dilation,"[A,B,C]",307,2,CCSS.MATH.CONTENT.8.G.A.1,transformations,"CCSS.MATH.MP.5, CCSS.MATH.DOM.G",,,
Maths,Grade 8,Which two represent linear relationships?,Select linear,MultipleSelect,y=3x,y=x²,y-2=4(x-1),xy=10,"[A,C]",320,2,CCSS.MATH.CONTENT.8.F.B.4,linear functions,"CCSS.MATH.MP.4, CCSS.MATH.DOM.F",,,
Maths,Grade 9,Which two are equivalent to (x+2)(x-2)?,Select equivalent expressions,MultipleSelect,x²-4,(x+2)(x-2),x²+4x-4,x²-4x+4,"[A,B]",325,2,CCSS.MATH.CONTENT.HSA.SSE.A.2,equivalent expressions,"CCSS.MATH.MP.7, CCSS.MATH.A-SSE",,,
Maths,Grade 9,Which are solutions to x²-5x+6=0?,Select all roots,MultipleSelect,2,3,1,6,"[A,B]",322,2,CCSS.MATH.CONTENT.HSA.REI.B.4,solve quadratics,"CCSS.MATH.MP.2, CCSS.MATH.A-REI",,,
Maths,Grade 9,Which two functions have domain all reals?,Select domain all reals,MultipleSelect,f(x)=x²,f(x)=1/x,f(x)=√x,f(x)=2x+1,"[A,D]",328,2,CCSS.MATH.CONTENT.HSF.IF.A.1,domain of functions,"CCSS.MATH.MP.2, CCSS.MATH.F-IF",,,
Maths,Grade 9,Which equations represent the same line?,Select equivalent line equations,MultipleSelect,y=2x+1,2x-y=-1,y-3=2(x-1),x/2-y/2=1,"[A,B,C]",320,2,CCSS.MATH.CONTENT.HSA.CED.A.2,equations and graphs,"CCSS.MATH.MP.4, CCSS.MATH.A-CED",,,
Maths,Grade 9,Which are factors of x²-9?,Select all factors,MultipleSelect,x-3,x+3,x-9,x+9,"[A,B]",330,2,CCSS.MATH.CONTENT.HSA.APR.A.1,polynomial factoring,"CCSS.MATH.MP.7, CCSS.MATH.A-APR",,,
Maths,Grade 9,Which two inequalities have solution x>3?,Select equivalent inequalities,MultipleSelect,2x>6,x-1>2,3x<9,#NAME?,"[A,B]",324,2,CCSS.MATH.CONTENT.HSA.REI.B.3,solve inequalities,"CCSS.MATH.MP.2, CCSS.MATH.A-REI",,,
Maths,Grade 9,Which represent exponential growth?,Select exponential growth,MultipleSelect,y=2^x,y=(1/2)^x,y=2(3)^x,y=5-x,"[A,C]",327,2,CCSS.MATH.CONTENT.HSF.LE.A.1,exponential models,"CCSS.MATH.MP.4, CCSS.MATH.F-LE",,,
Maths,Grade 9,Which are identities?,Select identities (true for all x),MultipleSelect,(x+1)²=x²+2x+1,x²-1=(x-1)(x+1),x+1=2,x²=x,"[A,B]",335,2,CCSS.MATH.CONTENT.HSA.REI.A.1,identities,"CCSS.MATH.MP.7, CCSS.MATH.A-REI",,,
Maths,Grade 9,Which two are equivalent to log(100)?,Select equivalent,MultipleSelect,2,log 10²,log 50+log 2,1,"[A,B]",338,2,CCSS.MATH.CONTENT.HSF.LE.A.4,logarithms,"CCSS.MATH.MP.6, CCSS.MATH.F-LE",,,
Maths,Grade 10,Which two triangles are similar?,Select similar triangle pairs,MultipleSelect,30-60-90 and 30-60-90,all equilateral,3-4-5 and 6-8-10,2-3-4 and 4-6-8,"[A,B,C]",342,2,CCSS.MATH.CONTENT.HSG.SRT.A.2,similarity,"CCSS.MATH.MP.2, CCSS.MATH.G-SRT",,,
Maths,Grade 10,Which are correct for sin²θ+cos²θ?,Select all correct,MultipleSelect,1,sin²θ+cos²θ,(sin θ)²+(cos θ)²,0,"[A,B,C]",340,2,CCSS.MATH.CONTENT.HSF.TF.C.8,trig identities,"CCSS.MATH.MP.7, CCSS.MATH.F-TF",,,
Maths,Grade 10,Which two vectors have the same direction?,Select parallel vectors,MultipleSelect,⟨2,4⟩,⟨1,2⟩,⟨-2,-4⟩,⟨4,2⟩,"[A,B,C]",345,2,CCSS.MATH.CONTENT.HSN.VM.A.2,vectors
Maths,Grade 10,Which equations have exactly two solutions?,Select equations with two solutions,MultipleSelect,x²=4,x²=-1,x²=0,(x-1)(x-2)=0,"[A,D]",338,2,CCSS.MATH.CONTENT.HSA.REI.B.4,number of solutions,"CCSS.MATH.MP.3, CCSS.MATH.A-REI",,,
Maths,Grade 10,Which are probability distributions?,Select valid distributions,MultipleSelect,P(A)=0.5 P(B)=0.5,sum of P=1,all P between 0 and 1,P(A)=1.2,"[A,B,C]",346,2,CCSS.MATH.CONTENT.HSS.MD.A.1,probability rules,"CCSS.MATH.MP.2, CCSS.MATH.S-MD",,,
Maths,Grade 10,Which two are equivalent to √(x²)?,Select equivalent,MultipleSelect,|x|,x for x≥0 -x for x<0,√x·√x,(√x)²,"[A,B]",341,2,CCSS.MATH.CONTENT.HSN.RN.A.2,radicals,"CCSS.MATH.MP.7, CCSS.MATH.N-RN",,,
Maths,Grade 10,Which represent circles?,Select circle equations,MultipleSelect,x²+y²=9,(x-1)²+(y+2)²=4,x²-y²=1,y=x²,"[A,B]",344,2,CCSS.MATH.CONTENT.HSG.GPE.A.1,circle equations,"CCSS.MATH.MP.4, CCSS.MATH.G-GPE",,,
Maths,Grade 10,Which two are sufficient to prove triangles congruent?,Select congruence criteria,MultipleSelect,SSS,SAS,SSA,AAA,"[A,B]",350,2,CCSS.MATH.CONTENT.HSG.CO.B.8,triangle congruence,"CCSS.MATH.MP.3, CCSS.MATH.G-CO",,,
Maths,Grade 10,Which sequences are arithmetic?,Select arithmetic sequences,MultipleSelect,2 5 8 11,1 2 4 8,3 3 3 3,1 4 9 16,"[A,C]",352,2,CCSS.MATH.CONTENT.HSF.BF.A.2,sequences,"CCSS.MATH.MP.8, CCSS.MATH.F-BF",,,
Maths,Grade 11,Which two are equivalent to i²?,Select equivalent,MultipleSelect,-1,i·i,√(-1)·√(-1),1,"[A,B,C]",355,2,CCSS.MATH.CONTENT.HSN.CN.A.1,complex numbers,"CCSS.MATH.MP.7, CCSS.MATH.N-CN",,,
Maths,Grade 11,Which are one-to-one functions?,Select one-to-one functions,MultipleSelect,f(x)=x,f(x)=x³,f(x)=x²,f(x)=2x+1,"[A,B,D]",358,2,CCSS.MATH.CONTENT.HSF.BF.B.4,inverse functions,"CCSS.MATH.MP.2, CCSS.MATH.F-BF",,,
Maths,Grade 11,Which two equal 1 for all x?,Select identities,MultipleSelect,sin²x+cos²x,tan x·cot x,(x+1)/(x+1),x/x,"[A,B,C,D]",362,2,CCSS.MATH.CONTENT.HSF.TF.C.8,trig identities,"CCSS.MATH.MP.7, CCSS.MATH.F-TF",,,
Maths,Grade 11,Which distributions have mean 0?,Select symmetric about 0,MultipleSelect,normal mean 0,-1 0 1,uniform -2 to 2,1 2 3 4,"[A,B,C]",354,2,CCSS.MATH.CONTENT.HSS.ID.A.4,distribution shape,"CCSS.MATH.MP.2, CCSS.MATH.S-ID",,,
Maths,Grade 11,Which are correct for log(ab)?,Select log properties,MultipleSelect,log a+log b,log a·log b,log(a+b),log a - log(1/b),"[A,D]",360,2,CCSS.MATH.CONTENT.HSF.LE.A.4,logarithm properties,"CCSS.MATH.MP.7, CCSS.MATH.F-LE",,,
Maths,Grade 11,Which two matrices can be multiplied?,Select compatible dimensions,MultipleSelect,2×3 and 3×2,2×2 and 2×2,3×1 and 1×3,2×3 and 2×3,"[A,B,C]",355,2,CCSS.MATH.CONTENT.HSN.VM.C.8,matrix multiplication,"CCSS.MATH.MP.4, CCSS.MATH.N-VM",,,
Maths,Grade 11,Which represent conditional probability?,Select P(A|B) form,MultipleSelect,P(A and B)/P(B),P(B and A)/P(B),P(A)P(B),P(A or B),"[A,B]",368,2,CCSS.MATH.CONTENT.HSS.CP.A.3,conditional probability,"CCSS.MATH.MP.2, CCSS.MATH.S-CP",,,
Maths,Grade 11,Which are polynomial functions?,Select polynomials,MultipleSelect,f(x)=x³-2x,f(x)=1/x,f(x)=√x,f(x)=2^x,[A],357,2,CCSS.MATH.CONTENT.HSA.APR.A.1,polynomials,"CCSS.MATH.MP.7, CCSS.MATH.A-APR",,,
Maths,Grade 11,Which two converge?,Select convergent series or sequences,MultipleSelect,1/2 1/4 1/8,1+1+1+1,sum 1/n²,(1.1)^n,"[A,C]",370,2,CCSS.MATH.CONTENT.HSF.BF.A.2,sequences series,"CCSS.MATH.MP.8, CCSS.MATH.F-BF",,,
Maths,Grade 12,Which two are equivalent to ∫x dx?,Select antiderivatives of x,MultipleSelect,x²/2+C,x²/2,(1/2)x²+C,x²,"[A,B,C]",372,2,CCSS.MATH.CONTENT.HSF.C.9,integration,"CCSS.MATH.MP.6, CCSS.MATH.CONTENT.S",,,
Maths,Grade 12,Which are valid probability values?,Select valid probabilities,MultipleSelect,0,0.5,1,1.5,"[A,B,C]",375,1,CCSS.MATH.CONTENT.HSS.MD.A.3,probability axioms,"CCSS.MATH.MP.2, CCSS.MATH.S-MD",,,
Maths,Grade 12,Which two methods prove statements for all n?,Select proof methods,MultipleSelect,mathematical induction,direct proof for all n,counterexample,single example,"[A,B]",378,3,CCSS.MATH.CONTENT.HSA.REI.A.1,proof,"CCSS.MATH.MP.3, CCSS.MATH.A-REI",,,
Maths,Grade 12,Which represent the same complex number?,Select equivalent forms,MultipleSelect,3+4i,5(cos θ+i sin θ) for appropriate θ,3-4i,5,"[A,B]",370,2,CCSS.MATH.CONTENT.HSN.CN.B.4,complex form,"CCSS.MATH.MP.7, CCSS.MATH.N-CN",,,
Maths,Grade 12,Which two are correct for d/dx(x²)?,Select derivative of x²,MultipleSelect,2x,x+x,limit definition gives 2x,3x,"[A,B,C]",376,2,CCSS.MATH.CONTENT.HSF.C.7,derivatives,"CCSS.MATH.MP.6, CCSS.MATH.CONTENT.S",,,
Maths,Grade 12,Which are continuous on all reals?,Select continuous functions,MultipleSelect,polynomial,sin x,e^x,1/x,"[A,B,C]",371,2,CCSS.MATH.CONTENT.HSF.IF.C.9,continuity,"CCSS.MATH.MP.2, CCSS.MATH.F-IF",,,
Maths,Grade 12,Which two describe independent events?,Select independence,MultipleSelect,P(A and B)=P(A)P(B),P(A|B)=P(A),occurrence of A does not affect B,P(A or B)=P(A)+P(B),"[A,B,C]",382,2,CCSS.MATH.CONTENT.HSS.CP.A.2,independent events,"CCSS.MATH.MP.2, CCSS.MATH.S-CP",,,
Maths,Grade 12,Which equal the same as Σ(1 to n) k?,Select sum formulas,MultipleSelect,n(n+1)/2,1+2+...+n,n²/2,n(n+1),"[A,B]",374,2,CCSS.MATH.CONTENT.HSF.BF.A.2,summation,"CCSS.MATH.MP.8, CCSS.MATH.F-BF",,,
Maths,Grade 12,Which two are unit vectors?,Select unit vectors,MultipleSelect,⟨1,0⟩,⟨0,1⟩,⟨1,1⟩,⟨2,0⟩,"[A,B]",385,2,CCSS.MATH.CONTENT.HSN.VM.A.2,vector magnitude
Science,Grade 1,Which two are living things?,Select all living things,MultipleSelect,plant,dog,rock,water,"[A,B]",155,1,1-LS1-1,living vs nonliving,"NGSS.SEP.1, NGSS.DCI.LS1, NGSS.CCC.4",,,
Science,Grade 1,Which need light to grow?,Select what plants need,MultipleSelect,sunlight,water,dark only,soil,"[A,B]",162,1,1-LS1-1,plant needs,"NGSS.SEP.3, NGSS.DCI.LS1, NGSS.CCC.2",,,
Science,Grade 1,Which are ways to push or pull?,Select forces,MultipleSelect,push,pull,hold still,drop,"[A,B]",158,1,K-PS2-1,forces and motion,"NGSS.SEP.2, NGSS.DCI.PS2, NGSS.CCC.2",,,
Science,Grade 1,Which two make sound?,Select sound sources,MultipleSelect,bell,drum,feather,stone,"[A,B]",172,1,1-PS4-1,sound,"NGSS.SEP.1, NGSS.DCI.PS4, NGSS.CCC.5",,,
Science,Grade 1,Which keep us warm?,Select insulators,MultipleSelect,coat,blanket,ice,metal in winter,"[A,B]",165,1,K-PS3-1,heating and cooling,"NGSS.SEP.6, NGSS.DCI.PS3, NGSS.CCC.5",,,
Science,Grade 1,Which are parts of a plant?,Select plant parts,MultipleSelect,root,leaf,stone,plastic,"[A,B]",170,1,1-LS1-1,plant structures,"NGSS.SEP.2, NGSS.DCI.LS1, NGSS.CCC.6",,,
Science,Grade 1,Which two show weather?,Select weather types,MultipleSelect,sunny,rainy,chair,table,"[A,B]",160,1,K-ESS2-1,weather,"NGSS.SEP.4, NGSS.DCI.ESS2, NGSS.CCC.7",,,
Science,Grade 1,Which can change shape when pushed?,Select materials that change,MultipleSelect,clay,sponge,rock,brick,"[A,B]",175,1,K-PS2-1,materials,"NGSS.SEP.3, NGSS.DCI.PS2, NGSS.CCC.4",,,
Science,Grade 1,Which two are needed by animals?,Select animal needs,MultipleSelect,air,food,plastic,metal,"[A,B]",178,1,1-LS1-1,animal needs,"NGSS.SEP.1, NGSS.DCI.LS1, NGSS.CCC.4",,,
Science,Grade 2,Which two are sources of light?,Select light sources,MultipleSelect,sun,lamp,moon reflecting,mirror reflecting,"[A,B]",185,2,1-PS4-2,light,"NGSS.SEP.4, NGSS.DCI.PS4, NGSS.CCC.5",,,
Science,Grade 2,Which help seeds travel?,Select seed dispersal,MultipleSelect,wind,animals,water,concrete,"[A,B,C]",182,1,2-LS2-2,seed dispersal,"NGSS.SEP.6, NGSS.DCI.LS2, NGSS.CCC.2",,,
Science,Grade 2,Which are solids?,Select states of matter,MultipleSelect,ice,wood,steam,oxygen gas,"[A,B]",192,1,2-PS1-1,matter,"NGSS.SEP.2, NGSS.DCI.PS1, NGSS.CCC.4",,,
Science,Grade 2,Which two show a life cycle?,Select life cycle stages,MultipleSelect,egg to adult,seed to plant,candle melting,ice melting,"[A,B]",188,2,2-LS2-1,life cycles,"NGSS.SEP.7, NGSS.DCI.LS1, NGSS.CCC.7",,,
Science,Grade 2,Which materials absorb water?,Select absorbent materials,MultipleSelect,paper,towel,plastic sheet,wax,"[A,B]",190,1,2-PS1-1,properties of matter,"NGSS.SEP.3, NGSS.DCI.PS1, NGSS.CCC.2",,,
Science,Grade 2,Which two cause erosion?,Select erosion causes,MultipleSelect,water,wind,still air,closed box,"[A,B]",195,1,2-ESS2-1,earth processes,"NGSS.SEP.6, NGSS.DCI.ESS2, NGSS.CCC.7",,,
Science,Grade 2,Which are ways to reduce waste?,Select reduce reuse recycle,MultipleSelect,reuse bag,recycle paper,throw away plastic,burn trash,"[A,B]",180,1,K-ESS3-3,human impact,"NGSS.SEP.8, NGSS.DCI.ESS3, NGSS.CCC.4",,,
Science,Grade 2,Which two need water to live?,Select organisms that need water,MultipleSelect,fish,plant,battery,light bulb,"[A,B]",200,1,2-LS2-1,organisms and water,"NGSS.SEP.1, NGSS.DCI.LS2, NGSS.CCC.4",,,
Science,Grade 2,Which show magnetic attraction?,Select magnetic materials,MultipleSelect,iron nail,steel paperclip,plastic,wood,"[A,B]",197,1,K-PS2-2,magnets,"NGSS.SEP.3, NGSS.DCI.PS2, NGSS.CCC.2",,,
Science,Grade 3,Which two are inherited traits?,Select inherited traits,MultipleSelect,eye color,leaf shape,dyed hair,scarf,"[A,B]",208,2,3-LS3-1,inheritance,"NGSS.SEP.7, NGSS.DCI.LS3, NGSS.CCC.6",,,
Science,Grade 3,Which are forms of energy?,Select energy types,MultipleSelect,light,heat,motion,electricity,"[A,B,C,D]",205,1,3-PS2-2,energy,"NGSS.SEP.4, NGSS.DCI.PS3, NGSS.CCC.5",,,
Science,Grade 3,Which cause shadows?,Select shadow formation,MultipleSelect,light blocked by object,opaque material,sun and object,transparent object only,"[A,B,C]",218,1,1-PS4-3,light and shadows,"NGSS.SEP.2, NGSS.DCI.PS4, NGSS.CCC.2",,,
Science,Grade 3,Which two are renewable resources?,Select renewable resources,MultipleSelect,solar power,wind power,coal,oil,"[A,B]",202,2,3-ESS3-1,resources,"NGSS.SEP.6, NGSS.DCI.ESS3, NGSS.CCC.7",,,
Science,Grade 3,Which affect climate?,Select climate factors,MultipleSelect,distance from sun,tilt of Earth,ocean currents,color of car,"[A,B,C]",215,2,3-ESS2-1,climate,"NGSS.SEP.4, NGSS.DCI.ESS2, NGSS.CCC.4",,,
Science,Grade 3,Which two show adaptation?,Select adaptations,MultipleSelect,cactus storing water,penguin blubber,plastic coat,metal rod,"[A,B]",210,2,3-LS4-2,adaptations,"NGSS.SEP.6, NGSS.DCI.LS4, NGSS.CCC.6",,,
Science,Grade 3,Which are simple machines?,Select simple machines,MultipleSelect,lever,inclined plane,wheel and axle,smooth wall,"[A,B,C]",220,1,3-PS2-1,forces and machines,"NGSS.SEP.2, NGSS.DCI.PS2, NGSS.CCC.6",,,
Science,Grade 3,Which two are fossils?,Select fossil types,MultipleSelect,dinosaur bone imprint,petrified wood,plastic toy,modern leaf,"[A,B]",213,1,3-LS4-1,fossils,"NGSS.SEP.4, NGSS.DCI.LS4, NGSS.CCC.7",,,
Science,Grade 3,Which describe the water cycle?,Select water cycle stages,MultipleSelect,evaporation,condensation,precipitation,boiling only in pot,"[A,B,C]",222,2,2-ESS2-3,water cycle,"NGSS.SEP.2, NGSS.DCI.ESS2, NGSS.CCC.4",,,
Science,Grade 4,Which two are conductors of electricity?,Select electrical conductors,MultipleSelect,copper,iron,rubber,plastic,"[A,B]",228,2,4-PS3-2,electricity,"NGSS.SEP.3, NGSS.DCI.PS3, NGSS.CCC.5",,,
Science,Grade 4,Which show weathering?,Select weathering examples,MultipleSelect,rock cracked by ice,plant roots breaking rock,acid rain on stone,smooth glass,"[A,B,C]",225,2,4-ESS2-1,weathering,"NGSS.SEP.6, NGSS.DCI.ESS2, NGSS.CCC.7",,,
Science,Grade 4,Which are parts of the digestive system?,Select digestive organs,MultipleSelect,stomach,intestines,heart,lungs,"[A,B]",232,1,4-LS1-1,body systems,"NGSS.SEP.2, NGSS.DCI.LS1, NGSS.CCC.6",,,
Science,Grade 4,Which two transfer heat?,Select heat transfer,MultipleSelect,conduction,convection,vacuum only,empty space only,"[A,B]",238,2,4-PS3-2,heat transfer,"NGSS.SEP.5, NGSS.DCI.PS3, NGSS.CCC.5",,,
Science,Grade 4,Which are renewable?,Select energy sources,MultipleSelect,hydroelectric,solar,wind,natural gas,"[A,B,C]",240,2,4-ESS3-1,energy resources,"NGSS.SEP.7, NGSS.DCI.ESS3, NGSS.CCC.7",,,
Science,Grade 4,Which two are consumers?,Select consumer types,MultipleSelect,herbivore,carnivore,grass,sun,"[A,B]",230,1,4-LS1-1,food chains,"NGSS.SEP.2, NGSS.DCI.LS2, NGSS.CCC.4",,,
Science,Grade 4,Which affect ecosystem balance?,Select ecosystem factors,MultipleSelect,predation,competition,decomposition,random number,"[A,B,C]",242,2,4-LS2-1,ecosystems,"NGSS.SEP.6, NGSS.DCI.LS2, NGSS.CCC.4",,,
Science,Grade 4,Which two show reflection?,Select reflection of light,MultipleSelect,mirror,still water,rough cloth,dark wall,"[A,B]",233,1,4-PS4-2,light behavior,"NGSS.SEP.3, NGSS.DCI.PS4, NGSS.CCC.1",,,
Science,Grade 4,Which are types of rocks?,Select rock types,MultipleSelect,igneous,sedimentary,metamorphic,plastic,"[A,B,C]",245,2,4-ESS1-1,rock cycle,"NGSS.SEP.4, NGSS.DCI.ESS2, NGSS.CCC.7",,,
Science,Grade 5,Which two are greenhouse gases?,Select greenhouse gases,MultipleSelect,carbon dioxide,methane,oxygen,nitrogen only,"[A,B]",252,2,5-ESS3-1,climate,"NGSS.SEP.6, NGSS.DCI.ESS3, NGSS.CCC.5",,,
Science,Grade 5,Which describe chemical change?,Select chemical changes,MultipleSelect,burning,rusting,baking,bending only,"[A,B,C]",255,2,5-PS1-4,chemical reactions,"NGSS.SEP.3, NGSS.DCI.PS1, NGSS.CCC.2",,,
Science,Grade 5,Which are decomposers?,Select decomposers,MultipleSelect,fungi,bacteria,earthworms,lion,"[A,B,C]",258,2,5-LS2-1,decomposers,"NGSS.SEP.2, NGSS.DCI.LS2, NGSS.CCC.4",,,
Science,Grade 5,Which two conserve matter?,Select conservation of matter,MultipleSelect,closed system,balanced equation,matter created,energy only,"[A,B]",250,2,5-PS1-2,conservation,"NGSS.SEP.5, NGSS.DCI.PS1, NGSS.CCC.5",,,
Science,Grade 5,Which are nonrenewable resources?,Select nonrenewable,MultipleSelect,coal,oil,natural gas,wind,"[A,B,C]",260,1,5-ESS3-1,resources,"NGSS.SEP.7, NGSS.DCI.ESS3, NGSS.CCC.7",,,
Science,Grade 5,Which two protect the environment?,Select conservation practices,MultipleSelect,recycling,reducing waste,polluting,dumping,"[A,B]",248,1,5-ESS3-1,human impact,"NGSS.SEP.8, NGSS.DCI.ESS3, NGSS.CCC.4",,,
Science,Grade 5,Which affect gravity?,Select factors affecting gravity,MultipleSelect,mass,distance,color,temperature,"[A,B]",265,2,5-PS2-1,gravity,"NGSS.SEP.2, NGSS.DCI.PS2, NGSS.CCC.2",,,
Science,Grade 5,Which two are mixtures?,Select mixtures,MultipleSelect,salt water,salad,element only,pure compound only,"[A,B]",253,1,5-PS1-3,mixtures,"NGSS.SEP.3, NGSS.DCI.PS1, NGSS.CCC.4",,,
Science,Grade 5,Which show the water cycle?,Select water cycle processes,MultipleSelect,evaporation,condensation,precipitation,freezing only,"[A,B,C]",268,2,5-ESS2-1,water cycle,"NGSS.SEP.2, NGSS.DCI.ESS2, NGSS.CCC.4",,,
Science,Grade 6,Which two are in the solar system?,Select solar system objects,MultipleSelect,planets,asteroids,galaxy,black hole only,"[A,B]",275,2,MS-ESS1-2,solar system,"NGSS.SEP.4, NGSS.DCI.ESS1, NGSS.CCC.4",,,
Science,Grade 6,Which are evidence of plate tectonics?,Select plate tectonic evidence,MultipleSelect,earthquake zones,mountain ranges,fossil match,random drift,"[A,B,C]",272,2,MS-ESS2-2,plate tectonics,"NGSS.SEP.6, NGSS.DCI.ESS2, NGSS.CCC.7",,,
Science,Grade 6,Which two are types of energy?,Select energy forms,MultipleSelect,kinetic,potential,chemical,thermal,"[A,B,C,D]",278,1,MS-PS3-1,energy types,"NGSS.SEP.2, NGSS.DCI.PS3, NGSS.CCC.5",,,
Science,Grade 6,Which describe photosynthesis?,Select photosynthesis,MultipleSelect,uses light,produces glucose,releases oxygen,occurs in dark only,"[A,B,C]",270,2,MS-LS1-6,photosynthesis,"NGSS.SEP.6, NGSS.DCI.LS1, NGSS.CCC.5",,,
Science,Grade 6,Which two are cell organelles?,Select organelles,MultipleSelect,nucleus,mitochondria,cell wall only,cell membrane only,"[A,B]",276,1,MS-LS1-2,cell structure,"NGSS.SEP.2, NGSS.DCI.LS1, NGSS.CCC.6",,,
Science,Grade 6,Which affect climate?,Select climate factors,MultipleSelect,latitude,ocean currents,greenhouse gases,day of week,"[A,B,C]",284,2,MS-ESS2-5,climate,"NGSS.SEP.4, NGSS.DCI.ESS2, NGSS.CCC.4",,,
Science,Grade 6,Which two show chemical reactions?,Select chemical reaction signs,MultipleSelect,color change,bubble formation,temperature change,no change,"[A,B,C]",271,2,MS-PS1-2,chemical reactions,"NGSS.SEP.3, NGSS.DCI.PS1, NGSS.CCC.2",,,
Science,Grade 6,Which are waves?,Select wave types,MultipleSelect,sound,light,earthquake seismic,static object,"[A,B,C]",286,1,MS-PS4-1,waves,"NGSS.SEP.2, NGSS.DCI.PS4, NGSS.CCC.1",,,
Science,Grade 6,Which two support evolution?,Select evidence for evolution,MultipleSelect,fossil record,comparative anatomy,DNA similarity,single observation,"[A,B,C]",280,2,MS-LS4-1,evolution,"NGSS.SEP.7, NGSS.DCI.LS4, NGSS.CCC.7",,,
Science,Grade 7,Which two are renewable energy sources?,Select renewable energy,MultipleSelect,solar,wind,hydroelectric,coal,"[A,B,C]",292,1,MS-ESS3-1,energy resources,"NGSS.SEP.6, NGSS.DCI.ESS3, NGSS.CCC.7",,,
Science,Grade 7,Which describe natural selection?,Select natural selection,MultipleSelect,variation in population,inheritance,differential survival,random only,"[A,B,C]",290,2,MS-LS4-4,natural selection,"NGSS.SEP.7, NGSS.DCI.LS4, NGSS.CCC.2",,,
Science,Grade 7,Which are forces?,Select force types,MultipleSelect,gravity,friction,magnetic,electric,"[A,B,C,D]",295,1,MS-PS2-1,forces,"NGSS.SEP.2, NGSS.DCI.PS2, NGSS.CCC.2",,,
Science,Grade 7,Which two are in the atmosphere?,Select atmosphere layers or gases,MultipleSelect,nitrogen,oxygen,troposphere,Earth core,"[A,B,C]",288,2,MS-ESS2-4,atmosphere,"NGSS.SEP.4, NGSS.DCI.ESS2, NGSS.CCC.4",,,
Science,Grade 7,Which affect reaction rate?,Select reaction rate factors,MultipleSelect,temperature,concentration,catalyst,surface area,"[A,B,C,D]",296,2,MS-PS1-4,reaction rate,"NGSS.SEP.3, NGSS.DCI.PS1, NGSS.CCC.2",,,
Science,Grade 7,Which two are ecosystems?,Select ecosystem types,MultipleSelect,forest,ocean,wetland,concrete slab,"[A,B,C]",300,1,MS-LS2-1,ecosystems,"NGSS.SEP.2, NGSS.DCI.LS2, NGSS.CCC.4",,,
Science,Grade 7,Which describe the rock cycle?,Select rock cycle processes,MultipleSelect,melting,cooling,weathering,cementation,"[A,B,C,D]",291,2,MS-ESS2-1,rock cycle,"NGSS.SEP.6, NGSS.DCI.ESS2, NGSS.CCC.7",,,
Science,Grade 7,Which two are electromagnetic waves?,Select EM waves,MultipleSelect,visible light,radio,X-rays,gamma,"[A,B,C,D]",294,1,MS-PS4-2,electromagnetic spectrum,"NGSS.SEP.2, NGSS.DCI.PS4, NGSS.CCC.1",,,
Science,Grade 7,Which show genetic variation?,Select genetic variation sources,MultipleSelect,mutation,sexual reproduction,cloning only,identical twins,"[A,B]",302,2,MS-LS3-2,genetics,"NGSS.SEP.4, NGSS.DCI.LS3, NGSS.CCC.6",,,
Science,Grade 8,Which two are states of matter?,Select states of matter,MultipleSelect,solid,liquid,gas,plasma,"[A,B,C]",308,1,MS-PS1-1,matter,"NGSS.SEP.2, NGSS.DCI.PS1, NGSS.CCC.4",,,
Science,Grade 8,Which describe Newton laws?,Select Newton laws,MultipleSelect,inertia,F equals ma,action reaction,random motion,"[A,B,C]",306,2,MS-PS2-1,Newton laws,"NGSS.SEP.6, NGSS.DCI.PS2, NGSS.CCC.2",,,
Science,Grade 8,Which are human impacts on Earth?,Select human impacts,MultipleSelect,deforestation,pollution,climate change,volcanic only,"[A,B,C]",312,2,MS-ESS3-3,human impact,"NGSS.SEP.7, NGSS.DCI.ESS3, NGSS.CCC.4",,,
Science,Grade 8,Which two are in DNA?,Select DNA components,MultipleSelect,adenine,guanine,cytosine,thymine,"[A,B,C,D]",304,2,MS-LS3-1,DNA,"NGSS.SEP.2, NGSS.DCI.LS3, NGSS.CCC.6",,,
Science,Grade 8,Which affect biodiversity?,Select biodiversity factors,MultipleSelect,habitat loss,invasive species,pollution,random event only,"[A,B,C]",318,2,MS-LS2-4,biodiversity,"NGSS.SEP.6, NGSS.DCI.LS2, NGSS.CCC.4",,,
Science,Grade 8,Which two show energy transformation?,Select energy transformation,MultipleSelect,chemical to kinetic,solar to chemical,potential to kinetic,static only,"[A,B,C]",310,2,MS-PS3-5,energy transformation,"NGSS.SEP.5, NGSS.DCI.PS3, NGSS.CCC.5",,,
Science,Grade 8,Which are properties of waves?,Select wave properties,MultipleSelect,wavelength,frequency,amplitude,speed,"[A,B,C,D]",320,1,MS-PS4-1,wave properties,"NGSS.SEP.2, NGSS.DCI.PS4, NGSS.CCC.1",,,
Science,Grade 8,Which two cause seasons?,Select cause of seasons,MultipleSelect,tilt of Earth,orbit around sun,distance variation,rotation only,"[A,B]",305,2,MS-ESS1-1,seasons,"NGSS.SEP.4, NGSS.DCI.ESS1, NGSS.CCC.2",,,
Science,Grade 8,Which describe engineering design?,Select engineering design,MultipleSelect,define problem,brainstorm solutions,test and improve,ignore constraints,"[A,B,C]",322,2,MS-ETS1-1,engineering design,"NGSS.SEP.1, NGSS.DCI.ETS1, NGSS.CCC.4",,,
Science,Grade 9,Which two are in the periodic table?,Select periodic table info,MultipleSelect,atomic number,symbol,element color only,price,"[A,B]",325,1,HS-PS1-1,periodic table,"NGSS.SEP.2, NGSS.DCI.PS1, NGSS.CCC.4",,,
Science,Grade 9,Which describe ecosystems?,Select ecosystem concepts,MultipleSelect,producers,consumers,decomposers,abiotic factors,"[A,B,C,D]",322,2,HS-LS2-1,ecosystems,"NGSS.SEP.6, NGSS.DCI.LS2, NGSS.CCC.4",,,
Science,Grade 9,Which are types of chemical bonds?,Select chemical bonds,MultipleSelect,ionic,covalent,metallic,gravitational only,"[A,B,C]",320,2,HS-PS1-2,chemical bonding,"NGSS.SEP.2, NGSS.DCI.PS1, NGSS.CCC.6",,,
Science,Grade 9,Which two affect climate change?,Select climate change factors,MultipleSelect,greenhouse gas increase,deforestation,ocean acidification,single storm,"[A,B,C]",332,2,HS-ESS3-5,climate change,"NGSS.SEP.7, NGSS.DCI.ESS3, NGSS.CCC.7",,,
Science,Grade 9,Which describe cell division?,Select cell division,MultipleSelect,mitosis,meiosis,DNA replication,random split,"[A,B,C]",327,2,HS-LS1-4,cell division,"NGSS.SEP.6, NGSS.DCI.LS1, NGSS.CCC.4",,,
Science,Grade 9,Which two are conservation laws?,Select conservation laws,MultipleSelect,conservation of mass,conservation of energy,creation of matter,perpetual motion,"[A,B]",324,2,HS-PS1-7,conservation,"NGSS.SEP.5, NGSS.DCI.PS1, NGSS.CCC.5",,,
Science,Grade 9,Which are evidence for Big Bang?,Select Big Bang evidence,MultipleSelect,cosmic microwave background,redshift,abundance of light elements,static universe,"[A,B,C]",330,2,HS-ESS1-2,cosmology,"NGSS.SEP.4, NGSS.DCI.ESS1, NGSS.CCC.7",,,
Science,Grade 9,Which two describe acids and bases?,Select acids and bases,MultipleSelect,pH scale,neutralization,color only,taste only,"[A,B]",335,1,HS-PS1-2,acids and bases,"NGSS.SEP.2, NGSS.DCI.PS1, NGSS.CCC.2",,,
Science,Grade 9,Which affect gene expression?,Select gene expression,MultipleSelect,environment,transcription factors,epigenetics,random only,"[A,B,C]",338,2,HS-LS3-1,gene expression,"NGSS.SEP.6, NGSS.DCI.LS3, NGSS.CCC.6",,,
Science,Grade 10,Which two are in the cell cycle?,Select cell cycle phases,MultipleSelect,interphase,mitosis,cytokinesis,rest only,"[A,B,C]",342,2,HS-LS1-4,cell cycle,"NGSS.SEP.2, NGSS.DCI.LS1, NGSS.CCC.4",,,
Science,Grade 10,Which describe thermodynamics?,Select thermodynamics,MultipleSelect,first law,second law,entropy,perpetual motion,"[A,B,C]",340,2,HS-PS3-1,thermodynamics,"NGSS.SEP.6, NGSS.DCI.PS3, NGSS.CCC.5",,,
Science,Grade 10,Which are types of radiation?,Select radiation types,MultipleSelect,alpha,beta,gamma,visible only,"[A,B,C]",338,2,HS-PS1-8,nuclear radiation,"NGSS.SEP.2, NGSS.DCI.PS1, NGSS.CCC.5",,,
Science,Grade 10,Which two support evolution?,Select evolution evidence,MultipleSelect,fossil record,molecular homology,biogeography,single specimen,"[A,B,C]",348,2,HS-LS4-1,evolution,"NGSS.SEP.7, NGSS.DCI.LS4, NGSS.CCC.7",,,
Science,Grade 10,Which affect enzyme activity?,Select enzyme factors,MultipleSelect,temperature,pH,substrate concentration,inhibitors,"[A,B,C,D]",346,2,HS-LS1-6,enzymes,"NGSS.SEP.3, NGSS.DCI.LS1, NGSS.CCC.2",,,
Science,Grade 10,Which two are in Earth systems?,Select Earth systems,MultipleSelect,geosphere,hydrosphere,biosphere,atmosphere,"[A,B,C,D]",341,1,HS-ESS2-4,Earth systems,"NGSS.SEP.2, NGSS.DCI.ESS2, NGSS.CCC.4",,,
Science,Grade 10,Which describe electric circuits?,Select circuit concepts,MultipleSelect,voltage,current,resistance,power,"[A,B,C,D]",344,2,HS-PS2-5,electric circuits,"NGSS.SEP.5, NGSS.DCI.PS3, NGSS.CCC.5",,,
Science,Grade 10,Which two are renewable?,Select renewable resources,MultipleSelect,solar,geothermal,wind,uranium,"[A,B,C]",350,1,HS-ESS3-1,energy resources,"NGSS.SEP.7, NGSS.DCI.ESS3, NGSS.CCC.7",,,
Science,Grade 10,Which show sustainable practices?,Select sustainability,MultipleSelect,renewable energy,recycling,conservation,overfishing,"[A,B,C]",343,2,HS-ESS3-4,sustainability,"NGSS.SEP.8, NGSS.DCI.ESS3, NGSS.CCC.4",,,
Science,Grade 11,Which two describe quantum mechanics?,Select quantum concepts,MultipleSelect,wave-particle duality,uncertainty principle,classical path only,deterministic only,"[A,B]",348,2,HS-PS4-1,quantum,"NGSS.SEP.6, NGSS.DCI.PS4, NGSS.CCC.1",,,
Science,Grade 11,Which are in cellular respiration?,Select cellular respiration,MultipleSelect,glycolysis,Krebs cycle,electron transport,photosynthesis only,"[A,B,C]",348,2,HS-LS1-7,cellular respiration,"NGSS.SEP.2, NGSS.DCI.LS1, NGSS.CCC.5",,,
Science,Grade 11,Which describe climate models?,Select climate modeling,MultipleSelect,input parameters,feedback loops,predictions,random only,"[A,B,C]",348,2,HS-ESS3-5,climate models,"NGSS.SEP.5, NGSS.DCI.ESS3, NGSS.CCC.4",,,
Science,Grade 11,Which two are in the nitrogen cycle?,Select nitrogen cycle,MultipleSelect,nitrification,denitrification,fixation,combustion only,"[A,B,C]",350,2,HS-LS2-3,nitrogen cycle,"NGSS.SEP.6, NGSS.DCI.LS2, NGSS.CCC.5",,,
Science,Grade 11,Which affect reaction equilibrium?,Select equilibrium factors,MultipleSelect,temperature,pressure,concentration,catalyst,"[A,B,C,D]",360,2,HS-PS1-6,chemical equilibrium,"NGSS.SEP.3, NGSS.DCI.PS1, NGSS.CCC.7",,,
Science,Grade 11,Which two describe relativity?,Select relativity,MultipleSelect,time dilation,length contraction,mass increase,absolute time,"[A,B,C]",348,2,HS-PS2-4,relativity,"NGSS.SEP.7, NGSS.DCI.PS2, NGSS.CCC.1",,,
Science,Grade 11,Which are in genetic engineering?,Select genetic engineering,MultipleSelect,recombinant DNA,CRISPR,cloning,random mutation only,"[A,B,C]",350,2,HS-LS3-2,genetic engineering,"NGSS.SEP.1, NGSS.DCI.LS3, NGSS.CCC.6",,,
Science,Grade 11,Which two show biodiversity importance?,Select biodiversity value,MultipleSelect,ecosystem services,medicine source,food security,single crop only,"[A,B,C]",357,2,HS-LS2-7,biodiversity,"NGSS.SEP.8, NGSS.DCI.LS2, NGSS.CCC.4",,,
Science,Grade 11,Which describe ocean systems?,Select ocean systems,MultipleSelect,thermohaline circulation,upwelling,carbon sink,static only,"[A,B,C]",350,2,HS-ESS2-6,ocean systems,"NGSS.SEP.4, NGSS.DCI.ESS2, NGSS.CCC.4",,,
Science,Grade 12,Which two are in the immune system?,Select immune components,MultipleSelect,T cells,B cells,antibodies,red blood cells only,"[A,B,C]",350,2,HS-LS1-2,immune system,"NGSS.SEP.2, NGSS.DCI.LS1, NGSS.CCC.6",,,
Science,Grade 12,Which describe climate change impacts?,Select climate impacts,MultipleSelect,sea level rise,extreme weather,biodiversity loss,single event,"[A,B,C]",350,2,HS-ESS3-5,climate impacts,"NGSS.SEP.7, NGSS.DCI.ESS3, NGSS.CCC.7",,,
Science,Grade 12,Which are in nuclear reactions?,Select nuclear reactions,MultipleSelect,fission,fusion,radioactive decay,chemical only,"[A,B,C]",350,2,HS-PS1-8,nuclear physics,"NGSS.SEP.6, NGSS.DCI.PS1, NGSS.CCC.5",,,
Science,Grade 12,Which two describe ecosystems?,Select ecosystem dynamics,MultipleSelect,energy flow,nutrient cycling,succession,static only,"[A,B,C]",350,2,HS-LS2-4,ecosystem dynamics,"NGSS.SEP.2, NGSS.DCI.LS2, NGSS.CCC.4",,,
Science,Grade 12,Which affect global climate?,Select global climate factors,MultipleSelect,albedo,greenhouse effect,ocean circulation,local weather only,"[A,B,C]",348,2,HS-ESS2-4,global climate,"NGSS.SEP.4, NGSS.DCI.ESS2, NGSS.CCC.4",,,
Science,Grade 12,Which two are in neuroscience?,Select brain function,MultipleSelect,neurons,synapses,neurotransmitters,blood only,"[A,B,C]",350,2,HS-LS1-2,nervous system,"NGSS.SEP.2, NGSS.DCI.LS1, NGSS.CCC.6",,,
Science,Grade 12,Which describe scientific ethics?,Select science ethics,MultipleSelect,informed consent,replication,peer review,fabrication,"[A,B,C]",350,3,HS-ETS1-1,science ethics,"NGSS.SEP.8, NGSS.DCI.ETS1, NGSS.CCC.4",,,
Science,Grade 12,Which two support sustainability?,Select sustainability strategies,MultipleSelect,renewable energy,conservation,restoration,overconsumption,"[A,B,C]",350,2,HS-ESS3-4,sustainability,"NGSS.SEP.7, NGSS.DCI.ESS3, NGSS.CCC.7",,,
Science,Grade 12,Which are in biogeochemical cycles?,Select biogeochemical cycles,MultipleSelect,carbon cycle,nitrogen cycle,water cycle,phosphorus cycle,"[A,B,C,D]",350,2,HS-LS2-3,biogeochemical cycles,"NGSS.SEP.6, NGSS.DCI.LS2, NGSS.CCC.5",,,
